-- phpMyAdmin SQL Dump
-- version 4.0.9
-- http://www.phpmyadmin.net
--
-- Host: 127.0.0.1
-- Generation Time: Mar 05, 2014 at 01:30 PM
-- Server version: 5.6.14
-- PHP Version: 5.5.6

SET SQL_MODE = "NO_AUTO_VALUE_ON_ZERO";
SET time_zone = "+00:00";


/*!40101 SET @OLD_CHARACTER_SET_CLIENT=@@CHARACTER_SET_CLIENT */;
/*!40101 SET @OLD_CHARACTER_SET_RESULTS=@@CHARACTER_SET_RESULTS */;
/*!40101 SET @OLD_COLLATION_CONNECTION=@@COLLATION_CONNECTION */;
/*!40101 SET NAMES utf8 */;

--
-- Database: `ads_engine_db`
--

-- --------------------------------------------------------

--
-- Table structure for table `categories`
--

CREATE TABLE IF NOT EXISTS `categories` (
  `category_id` int(11) NOT NULL AUTO_INCREMENT,
  `title` varchar(100) NOT NULL,
  `brief` text,
  `description` longtext,
  `status` tinyint(1) NOT NULL DEFAULT '1',
  `created_by` int(11) NOT NULL,
  `created_on` datetime DEFAULT NULL,
  `modified_by` int(11) NOT NULL,
  `modified_on` datetime DEFAULT NULL,
  PRIMARY KEY (`category_id`),
  KEY `categories_created_by` (`created_by`),
  KEY `categories_modified_by` (`modified_by`)
) ENGINE=InnoDB  DEFAULT CHARSET=latin1 AUTO_INCREMENT=4 ;

--
-- Dumping data for table `categories`
--

INSERT INTO `categories` (`category_id`, `title`, `brief`, `description`, `status`, `created_by`, `created_on`, `modified_by`, `modified_on`) VALUES
(2, 'one', 'one			', '<p>test</p>\r\n', 1, 1, '2014-02-03 15:48:10', 1, '2014-02-04 20:02:37'),
(3, 'my', 'best', '<p>categories</p>\r\n', 1, 1, '2014-02-04 20:03:07', 1, '2014-02-04 20:03:07');

-- --------------------------------------------------------

--
-- Table structure for table `countries`
--

CREATE TABLE IF NOT EXISTS `countries` (
  `country_id` int(11) unsigned NOT NULL AUTO_INCREMENT,
  `abbreviation` varchar(10) NOT NULL DEFAULT '',
  `name` varchar(255) DEFAULT NULL,
  PRIMARY KEY (`country_id`)
) ENGINE=InnoDB DEFAULT CHARSET=latin1 AUTO_INCREMENT=1 ;

-- --------------------------------------------------------

--
-- Table structure for table `email_messages`
--

CREATE TABLE IF NOT EXISTS `email_messages` (
  `email_message_id` int(11) NOT NULL AUTO_INCREMENT,
  `parent_email_message_id` int(11) DEFAULT NULL,
  `from_user_id` int(11) DEFAULT NULL,
  `to_user_id` int(11) DEFAULT NULL,
  `to_email` varchar(255) DEFAULT NULL,
  `subject` varchar(255) DEFAULT NULL,
  `message` longtext,
  `body_contents` longtext,
  `sent_successful` tinyint(1) NOT NULL DEFAULT '0',
  `message_replied` tinyint(1) NOT NULL DEFAULT '0',
  `mark_as_read` tinyint(1) NOT NULL DEFAULT '0',
  `created_on` datetime NOT NULL,
  PRIMARY KEY (`email_message_id`),
  KEY `email_messages_to_user_id` (`to_user_id`),
  KEY `email_messages_from_user_id` (`from_user_id`),
  KEY `email_messages_parent_email_message_id` (`parent_email_message_id`)
) ENGINE=InnoDB DEFAULT CHARSET=latin1 AUTO_INCREMENT=1 ;

-- --------------------------------------------------------

--
-- Table structure for table `faqs`
--

CREATE TABLE IF NOT EXISTS `faqs` (
  `faq_id` int(11) NOT NULL AUTO_INCREMENT,
  `faq_title` varchar(255) NOT NULL,
  `brief` text NOT NULL,
  `description` longtext NOT NULL,
  `display_order` int(11) NOT NULL,
  `active` tinyint(1) NOT NULL DEFAULT '1',
  `created_by` int(11) NOT NULL,
  `created_on` datetime NOT NULL,
  `modified_by` int(11) NOT NULL,
  `modified_on` datetime NOT NULL,
  PRIMARY KEY (`faq_id`),
  KEY `faqs_created_by` (`created_by`),
  KEY `faqs_modified_by` (`modified_by`)
) ENGINE=InnoDB  DEFAULT CHARSET=latin1 AUTO_INCREMENT=4 ;

--
-- Dumping data for table `faqs`
--

INSERT INTO `faqs` (`faq_id`, `faq_title`, `brief`, `description`, `display_order`, `active`, `created_by`, `created_on`, `modified_by`, `modified_on`) VALUES
(2, 'how are you', 'th', '<p>thanks</p>\r\n', 4, 1, 1, '2014-02-04 18:49:50', 1, '2014-02-04 18:49:50'),
(3, 'sadfj', 'sdlkfj', '<p>asdlkfj</p>\r\n', 5, 0, 1, '2014-02-04 18:50:12', 1, '2014-02-04 19:24:21');

-- --------------------------------------------------------

--
-- Table structure for table `media_files`
--

CREATE TABLE IF NOT EXISTS `media_files` (
  `media_file_id` int(11) NOT NULL AUTO_INCREMENT,
  `user_id` int(11) DEFAULT NULL,
  `user_post_id` int(11) DEFAULT NULL,
  `product_id` int(11) DEFAULT NULL,
  `news_id` int(11) DEFAULT NULL,
  `column_name` varchar(50) DEFAULT NULL,
  `file_type` enum('image','video') NOT NULL DEFAULT 'image',
  `image_width` int(11) DEFAULT NULL,
  `image_height` int(11) DEFAULT NULL,
  `image_identifier` enum('XS','S','M','L','XL','XXL','Orig') DEFAULT NULL,
  `original_filename` varchar(255) DEFAULT NULL,
  `filepath` varchar(255) DEFAULT NULL,
  `filename` varchar(100) DEFAULT NULL,
  `filesize` int(11) DEFAULT NULL,
  `filetype` varchar(50) DEFAULT NULL,
  `cdn_absolute_url` varchar(255) DEFAULT NULL,
  `marked_delete` tinyint(1) NOT NULL DEFAULT '0',
  `created_on` datetime DEFAULT NULL,
  `created_by` int(11) DEFAULT NULL,
  PRIMARY KEY (`media_file_id`),
  KEY `media_files_created_by` (`created_by`),
  KEY `media_files_user_id` (`user_id`),
  KEY `media_files_user_post_id` (`user_post_id`),
  KEY `media_files_product_id` (`product_id`),
  KEY `media_files_news_id` (`news_id`)
) ENGINE=InnoDB  DEFAULT CHARSET=latin1 AUTO_INCREMENT=212 ;

--
-- Dumping data for table `media_files`
--

INSERT INTO `media_files` (`media_file_id`, `user_id`, `user_post_id`, `product_id`, `news_id`, `column_name`, `file_type`, `image_width`, `image_height`, `image_identifier`, `original_filename`, `filepath`, `filename`, `filesize`, `filetype`, `cdn_absolute_url`, `marked_delete`, `created_on`, `created_by`) VALUES
(1, NULL, NULL, NULL, NULL, 'picture', 'image', NULL, NULL, 'Orig', '6039_264401327028719_1947321900_n.jpg', 'uploads/assets/1/7', 'y9Lu4N1q1jcWw.jpg', 115831, 'image/jpeg', NULL, 0, '2014-02-03 15:30:43', 1),
(2, NULL, NULL, NULL, NULL, 'picture', 'image', NULL, NULL, 'Orig', '6039_264401327028719_1947321900_n.jpg', 'uploads/assets/1/8', '4LdfW3oheiqH0.jpg', 115831, 'image/jpeg', NULL, 0, '2014-02-03 15:41:35', 1),
(3, NULL, NULL, NULL, NULL, 'picture', 'image', NULL, NULL, 'Orig', '6039_264401327028719_1947321900_n.jpg', 'uploads/assets/1/9', 'wSpIVt3p1pICo.jpg', 115831, 'image/jpeg', NULL, 0, '2014-02-03 15:42:27', 1),
(4, NULL, NULL, NULL, NULL, 'picture', 'image', NULL, NULL, 'Orig', '6039_264401327028719_1947321900_n.jpg', 'uploads/assets/1/10', 'L8n33coKjZDrR.jpg', 115831, 'image/jpeg', NULL, 0, '2014-02-03 15:45:11', 1),
(5, NULL, NULL, NULL, NULL, 'picture', 'image', NULL, NULL, 'Orig', '6039_264401327028719_1947321900_n.jpg', 'uploads/assets/1/12', 'MHUpZobxbY6GC.jpg', 115831, 'image/jpeg', NULL, 0, '2014-02-03 15:47:47', 1),
(6, NULL, NULL, NULL, NULL, 'picture', 'image', 132, 72, 'XS', 'img_132_72_MHUpZobxbY6GC.jpg', 'uploads/assets/1/12', 'img_132_72_MHUpZobxbY6GC.jpg', 11913, 'image/jpeg', NULL, 0, '2014-02-03 15:47:47', 1),
(7, NULL, NULL, NULL, NULL, 'picture', 'image', 264, 146, 'S', 'img_264_146_MHUpZobxbY6GC.jpg', 'uploads/assets/1/12', 'img_264_146_MHUpZobxbY6GC.jpg', 39113, 'image/jpeg', NULL, 0, '2014-02-03 15:47:47', 1),
(8, NULL, NULL, NULL, NULL, 'picture', 'image', 341, 138, 'M', 'img_341_138_MHUpZobxbY6GC.jpg', 'uploads/assets/1/12', 'img_341_138_MHUpZobxbY6GC.jpg', 46346, 'image/jpeg', NULL, 0, '2014-02-03 15:47:47', 1),
(9, NULL, NULL, NULL, NULL, 'picture', 'image', 341, 276, 'L', 'img_341_276_MHUpZobxbY6GC.jpg', 'uploads/assets/1/12', 'img_341_276_MHUpZobxbY6GC.jpg', 86882, 'image/jpeg', NULL, 0, '2014-02-03 15:47:47', 1),
(10, NULL, NULL, NULL, NULL, 'picture', 'image', 682, 276, 'XL', 'img_682_276_MHUpZobxbY6GC.jpg', 'uploads/assets/1/12', 'img_682_276_MHUpZobxbY6GC.jpg', 151416, 'image/jpeg', NULL, 0, '2014-02-03 15:47:47', 1),
(11, NULL, NULL, NULL, NULL, 'picture', 'image', 680, 370, 'XXL', 'img_680_370_MHUpZobxbY6GC.jpg', 'uploads/assets/1/12', 'img_680_370_MHUpZobxbY6GC.jpg', 192761, 'image/jpeg', NULL, 0, '2014-02-03 15:47:47', 1),
(12, NULL, NULL, NULL, NULL, 'picture', 'image', NULL, NULL, 'Orig', '6039_264401327028719_1947321900_n.jpg', 'uploads/assets/1/13', 'jOQHajpkvykHR.jpg', 115831, 'image/jpeg', NULL, 0, '2014-02-03 15:48:40', 1),
(13, NULL, NULL, NULL, NULL, 'picture', 'image', 132, 72, 'XS', 'img_132_72_jOQHajpkvykHR.jpg', 'uploads/assets/1/13', 'img_132_72_jOQHajpkvykHR.jpg', 11913, 'image/jpeg', NULL, 0, '2014-02-03 15:48:41', 1),
(14, NULL, NULL, NULL, NULL, 'picture', 'image', 264, 146, 'S', 'img_264_146_jOQHajpkvykHR.jpg', 'uploads/assets/1/13', 'img_264_146_jOQHajpkvykHR.jpg', 39113, 'image/jpeg', NULL, 0, '2014-02-03 15:48:41', 1),
(15, NULL, NULL, NULL, NULL, 'picture', 'image', 341, 138, 'M', 'img_341_138_jOQHajpkvykHR.jpg', 'uploads/assets/1/13', 'img_341_138_jOQHajpkvykHR.jpg', 46346, 'image/jpeg', NULL, 0, '2014-02-03 15:48:41', 1),
(16, NULL, NULL, NULL, NULL, 'picture', 'image', 341, 276, 'L', 'img_341_276_jOQHajpkvykHR.jpg', 'uploads/assets/1/13', 'img_341_276_jOQHajpkvykHR.jpg', 86882, 'image/jpeg', NULL, 0, '2014-02-03 15:48:41', 1),
(17, NULL, NULL, NULL, NULL, 'picture', 'image', 682, 276, 'XL', 'img_682_276_jOQHajpkvykHR.jpg', 'uploads/assets/1/13', 'img_682_276_jOQHajpkvykHR.jpg', 151416, 'image/jpeg', NULL, 0, '2014-02-03 15:48:41', 1),
(18, NULL, NULL, NULL, NULL, 'picture', 'image', 680, 370, 'XXL', 'img_680_370_jOQHajpkvykHR.jpg', 'uploads/assets/1/13', 'img_680_370_jOQHajpkvykHR.jpg', 192761, 'image/jpeg', NULL, 0, '2014-02-03 15:48:41', 1),
(19, NULL, NULL, NULL, NULL, 'picture', 'image', NULL, NULL, 'Orig', '6039_264401327028719_1947321900_n.jpg', 'uploads/news/1/14', 'Pl08nZJYERVlj.jpg', 115831, 'image/jpeg', NULL, 0, '2014-02-03 15:59:26', 1),
(20, NULL, NULL, NULL, NULL, 'picture', 'image', NULL, NULL, 'Orig', '6039_264401327028719_1947321900_n.jpg', 'uploads/news/1/15', 'd0TAy0jguJb6y.jpg', 115831, 'image/jpeg', NULL, 0, '2014-02-03 16:00:05', 1),
(21, NULL, NULL, NULL, NULL, 'picture', 'image', 132, 72, 'XS', 'img_132_72_d0TAy0jguJb6y.jpg', 'uploads/news/1/15', 'img_132_72_d0TAy0jguJb6y.jpg', 11913, 'image/jpeg', NULL, 0, '2014-02-03 16:00:05', 1),
(22, NULL, NULL, NULL, NULL, 'picture', 'image', 264, 146, 'S', 'img_264_146_d0TAy0jguJb6y.jpg', 'uploads/news/1/15', 'img_264_146_d0TAy0jguJb6y.jpg', 39113, 'image/jpeg', NULL, 0, '2014-02-03 16:00:05', 1),
(23, NULL, NULL, NULL, NULL, 'picture', 'image', 341, 138, 'M', 'img_341_138_d0TAy0jguJb6y.jpg', 'uploads/news/1/15', 'img_341_138_d0TAy0jguJb6y.jpg', 46346, 'image/jpeg', NULL, 0, '2014-02-03 16:00:05', 1),
(24, NULL, NULL, NULL, NULL, 'picture', 'image', 341, 276, 'L', 'img_341_276_d0TAy0jguJb6y.jpg', 'uploads/news/1/15', 'img_341_276_d0TAy0jguJb6y.jpg', 86882, 'image/jpeg', NULL, 0, '2014-02-03 16:00:05', 1),
(25, NULL, NULL, NULL, NULL, 'picture', 'image', 682, 276, 'XL', 'img_682_276_d0TAy0jguJb6y.jpg', 'uploads/news/1/15', 'img_682_276_d0TAy0jguJb6y.jpg', 151416, 'image/jpeg', NULL, 0, '2014-02-03 16:00:05', 1),
(26, NULL, NULL, NULL, NULL, 'picture', 'image', 680, 370, 'XXL', 'img_680_370_d0TAy0jguJb6y.jpg', 'uploads/news/1/15', 'img_680_370_d0TAy0jguJb6y.jpg', 192761, 'image/jpeg', NULL, 0, '2014-02-03 16:00:05', 1),
(27, NULL, NULL, NULL, NULL, 'picture', 'image', NULL, NULL, 'Orig', '6039_264401327028719_1947321900_n.jpg', 'uploads/news/1/16', 'uauHwtkkgMRSL.jpg', 115831, 'image/jpeg', NULL, 0, '2014-02-03 16:14:09', 1),
(28, NULL, NULL, NULL, NULL, 'picture', 'image', 132, 72, 'XS', 'img_132_72_uauHwtkkgMRSL.jpg', 'uploads/news/1/16', 'img_132_72_uauHwtkkgMRSL.jpg', 11913, 'image/jpeg', NULL, 0, '2014-02-03 16:14:09', 1),
(29, NULL, NULL, NULL, NULL, 'picture', 'image', 264, 146, 'S', 'img_264_146_uauHwtkkgMRSL.jpg', 'uploads/news/1/16', 'img_264_146_uauHwtkkgMRSL.jpg', 39113, 'image/jpeg', NULL, 0, '2014-02-03 16:14:09', 1),
(30, NULL, NULL, NULL, NULL, 'picture', 'image', 341, 138, 'M', 'img_341_138_uauHwtkkgMRSL.jpg', 'uploads/news/1/16', 'img_341_138_uauHwtkkgMRSL.jpg', 46346, 'image/jpeg', NULL, 0, '2014-02-03 16:14:09', 1),
(31, NULL, NULL, NULL, NULL, 'picture', 'image', 341, 276, 'L', 'img_341_276_uauHwtkkgMRSL.jpg', 'uploads/news/1/16', 'img_341_276_uauHwtkkgMRSL.jpg', 86882, 'image/jpeg', NULL, 0, '2014-02-03 16:14:09', 1),
(32, NULL, NULL, NULL, NULL, 'picture', 'image', 682, 276, 'XL', 'img_682_276_uauHwtkkgMRSL.jpg', 'uploads/news/1/16', 'img_682_276_uauHwtkkgMRSL.jpg', 151416, 'image/jpeg', NULL, 0, '2014-02-03 16:14:09', 1),
(33, NULL, NULL, NULL, NULL, 'picture', 'image', 680, 370, 'XXL', 'img_680_370_uauHwtkkgMRSL.jpg', 'uploads/news/1/16', 'img_680_370_uauHwtkkgMRSL.jpg', 192761, 'image/jpeg', NULL, 0, '2014-02-03 16:14:09', 1),
(34, NULL, NULL, NULL, NULL, 'picture', 'image', NULL, NULL, 'Orig', '6039_264401327028719_1947321900_n.jpg', 'uploads/news/1/18', 'fEM1z5p7LhZer.jpg', 115831, 'image/jpeg', NULL, 0, '2014-02-03 16:30:53', 1),
(35, NULL, NULL, NULL, NULL, 'picture', 'image', 132, 72, 'XS', 'img_132_72_fEM1z5p7LhZer.jpg', 'uploads/news/1/18', 'img_132_72_fEM1z5p7LhZer.jpg', 11913, 'image/jpeg', NULL, 0, '2014-02-03 16:30:53', 1),
(36, NULL, NULL, NULL, NULL, 'picture', 'image', 264, 146, 'S', 'img_264_146_fEM1z5p7LhZer.jpg', 'uploads/news/1/18', 'img_264_146_fEM1z5p7LhZer.jpg', 39113, 'image/jpeg', NULL, 0, '2014-02-03 16:30:53', 1),
(37, NULL, NULL, NULL, NULL, 'picture', 'image', 341, 138, 'M', 'img_341_138_fEM1z5p7LhZer.jpg', 'uploads/news/1/18', 'img_341_138_fEM1z5p7LhZer.jpg', 46346, 'image/jpeg', NULL, 0, '2014-02-03 16:30:53', 1),
(38, NULL, NULL, NULL, NULL, 'picture', 'image', 341, 276, 'L', 'img_341_276_fEM1z5p7LhZer.jpg', 'uploads/news/1/18', 'img_341_276_fEM1z5p7LhZer.jpg', 86882, 'image/jpeg', NULL, 0, '2014-02-03 16:30:53', 1),
(39, NULL, NULL, NULL, NULL, 'picture', 'image', 682, 276, 'XL', 'img_682_276_fEM1z5p7LhZer.jpg', 'uploads/news/1/18', 'img_682_276_fEM1z5p7LhZer.jpg', 151416, 'image/jpeg', NULL, 0, '2014-02-03 16:30:53', 1),
(40, NULL, NULL, NULL, NULL, 'picture', 'image', 680, 370, 'XXL', 'img_680_370_fEM1z5p7LhZer.jpg', 'uploads/news/1/18', 'img_680_370_fEM1z5p7LhZer.jpg', 192761, 'image/jpeg', NULL, 0, '2014-02-03 16:30:53', 1),
(41, NULL, NULL, NULL, NULL, 'picture', 'image', NULL, NULL, 'Orig', '6039_264401327028719_1947321900_n.jpg', 'uploads/news/1/19', 'l94g5kZ0ZJrRw.jpg', 115831, 'image/jpeg', NULL, 0, '2014-02-03 16:31:49', 1),
(42, NULL, NULL, NULL, NULL, 'picture', 'image', 132, 72, 'XS', 'img_132_72_l94g5kZ0ZJrRw.jpg', 'uploads/news/1/19', 'img_132_72_l94g5kZ0ZJrRw.jpg', 11913, 'image/jpeg', NULL, 0, '2014-02-03 16:31:49', 1),
(43, NULL, NULL, NULL, NULL, 'picture', 'image', 264, 146, 'S', 'img_264_146_l94g5kZ0ZJrRw.jpg', 'uploads/news/1/19', 'img_264_146_l94g5kZ0ZJrRw.jpg', 39113, 'image/jpeg', NULL, 0, '2014-02-03 16:31:49', 1),
(44, NULL, NULL, NULL, NULL, 'picture', 'image', 341, 138, 'M', 'img_341_138_l94g5kZ0ZJrRw.jpg', 'uploads/news/1/19', 'img_341_138_l94g5kZ0ZJrRw.jpg', 46346, 'image/jpeg', NULL, 0, '2014-02-03 16:31:49', 1),
(45, NULL, NULL, NULL, NULL, 'picture', 'image', 341, 276, 'L', 'img_341_276_l94g5kZ0ZJrRw.jpg', 'uploads/news/1/19', 'img_341_276_l94g5kZ0ZJrRw.jpg', 86882, 'image/jpeg', NULL, 0, '2014-02-03 16:31:49', 1),
(46, NULL, NULL, NULL, NULL, 'picture', 'image', 682, 276, 'XL', 'img_682_276_l94g5kZ0ZJrRw.jpg', 'uploads/news/1/19', 'img_682_276_l94g5kZ0ZJrRw.jpg', 151416, 'image/jpeg', NULL, 0, '2014-02-03 16:31:49', 1),
(47, NULL, NULL, NULL, NULL, 'picture', 'image', 680, 370, 'XXL', 'img_680_370_l94g5kZ0ZJrRw.jpg', 'uploads/news/1/19', 'img_680_370_l94g5kZ0ZJrRw.jpg', 192761, 'image/jpeg', NULL, 0, '2014-02-03 16:31:50', 1),
(48, NULL, NULL, NULL, NULL, 'picture', 'image', NULL, NULL, 'Orig', '6039_264401327028719_1947321900_n.jpg', 'uploads/news/1/20', 'XIzsRk1R0L5RA.jpg', 115831, 'image/jpeg', NULL, 0, '2014-02-04 12:07:38', 1),
(49, NULL, NULL, NULL, NULL, 'picture', 'image', 132, 72, 'XS', 'img_132_72_XIzsRk1R0L5RA.jpg', 'uploads/news/1/20', 'img_132_72_XIzsRk1R0L5RA.jpg', 11913, 'image/jpeg', NULL, 0, '2014-02-04 12:07:38', 1),
(50, NULL, NULL, NULL, NULL, 'picture', 'image', 264, 146, 'S', 'img_264_146_XIzsRk1R0L5RA.jpg', 'uploads/news/1/20', 'img_264_146_XIzsRk1R0L5RA.jpg', 39113, 'image/jpeg', NULL, 0, '2014-02-04 12:07:38', 1),
(51, NULL, NULL, NULL, NULL, 'picture', 'image', 341, 138, 'M', 'img_341_138_XIzsRk1R0L5RA.jpg', 'uploads/news/1/20', 'img_341_138_XIzsRk1R0L5RA.jpg', 46346, 'image/jpeg', NULL, 0, '2014-02-04 12:07:38', 1),
(52, NULL, NULL, NULL, NULL, 'picture', 'image', 341, 276, 'L', 'img_341_276_XIzsRk1R0L5RA.jpg', 'uploads/news/1/20', 'img_341_276_XIzsRk1R0L5RA.jpg', 86882, 'image/jpeg', NULL, 0, '2014-02-04 12:07:38', 1),
(53, NULL, NULL, NULL, NULL, 'picture', 'image', 682, 276, 'XL', 'img_682_276_XIzsRk1R0L5RA.jpg', 'uploads/news/1/20', 'img_682_276_XIzsRk1R0L5RA.jpg', 151416, 'image/jpeg', NULL, 0, '2014-02-04 12:07:38', 1),
(54, NULL, NULL, NULL, NULL, 'picture', 'image', 680, 370, 'XXL', 'img_680_370_XIzsRk1R0L5RA.jpg', 'uploads/news/1/20', 'img_680_370_XIzsRk1R0L5RA.jpg', 192761, 'image/jpeg', NULL, 0, '2014-02-04 12:07:38', 1),
(55, NULL, NULL, NULL, NULL, 'picture', 'image', NULL, NULL, 'Orig', '47000_425044264236652_773023461_n.jpg', 'uploads/news/1/21', 'OCGvMpTKfsAfS.jpg', 16649, 'image/jpeg', NULL, 0, '2014-02-05 09:43:25', 1),
(56, NULL, NULL, NULL, NULL, 'picture', 'image', 132, 72, 'XS', 'img_132_72_OCGvMpTKfsAfS.jpg', 'uploads/news/1/21', 'img_132_72_OCGvMpTKfsAfS.jpg', 8735, 'image/jpeg', NULL, 0, '2014-02-05 09:43:25', 1),
(57, NULL, NULL, NULL, NULL, 'picture', 'image', NULL, NULL, 'Orig', '6039_264401327028719_1947321900_n.jpg', 'uploads/news/1/22', 'rflg6KFAmjdVb.jpg', 115831, 'image/jpeg', NULL, 1, '2014-02-05 10:11:59', 1),
(58, NULL, NULL, NULL, NULL, 'picture', 'image', 132, 72, 'XS', 'img_132_72_rflg6KFAmjdVb.jpg', 'uploads/news/1/22', 'img_132_72_rflg6KFAmjdVb.jpg', 11913, 'image/jpeg', NULL, 1, '2014-02-05 10:12:00', 1),
(59, NULL, NULL, NULL, NULL, 'picture', 'image', NULL, NULL, 'Orig', '6039_264401327028719_1947321900_n.jpg', 'uploads/news/1/23', 'vfAKzssXBBGxC.jpg', 115831, 'image/jpeg', NULL, 1, '2014-02-05 11:03:19', 1),
(60, NULL, NULL, NULL, NULL, 'picture', 'image', 132, 72, 'XS', 'img_132_72_vfAKzssXBBGxC.jpg', 'uploads/news/1/23', 'img_132_72_vfAKzssXBBGxC.jpg', 11913, 'image/jpeg', NULL, 1, '2014-02-05 11:03:19', 1),
(61, NULL, NULL, NULL, NULL, 'picture', 'image', NULL, NULL, 'Orig', '6039_264401327028719_1947321900_n.jpg', 'uploads/news/1/24', 'l5b8c4PxYXJiE.jpg', 115831, 'image/jpeg', NULL, 1, '2014-02-05 11:04:37', 1),
(62, NULL, NULL, NULL, NULL, 'picture', 'image', 132, 72, 'XS', 'img_132_72_l5b8c4PxYXJiE.jpg', 'uploads/news/1/24', 'img_132_72_l5b8c4PxYXJiE.jpg', 11913, 'image/jpeg', NULL, 1, '2014-02-05 11:04:37', 1),
(63, NULL, NULL, NULL, NULL, 'picture', 'image', NULL, NULL, 'Orig', '6039_264401327028719_1947321900_n.jpg', 'uploads/news/1/25', 'VdyMLDQG3N6dK.jpg', 115831, 'image/jpeg', NULL, 1, '2014-02-05 11:15:39', 1),
(64, NULL, NULL, NULL, NULL, 'picture', 'image', 132, 72, 'XS', 'img_132_72_VdyMLDQG3N6dK.jpg', 'uploads/news/1/25', 'img_132_72_VdyMLDQG3N6dK.jpg', 11913, 'image/jpeg', NULL, 1, '2014-02-05 11:15:39', 1),
(65, NULL, NULL, NULL, NULL, 'picture', 'image', NULL, NULL, 'Orig', '47000_425044264236652_773023461_n.jpg', 'uploads/userpost/1/44', 'e0APD44M1A9nC.jpg', 16649, 'image/jpeg', NULL, 0, '2014-02-06 08:58:53', 1),
(66, NULL, NULL, NULL, NULL, 'picture', 'image', 132, 72, 'XS', 'img_132_72_e0APD44M1A9nC.jpg', 'uploads/userpost/1/44', 'img_132_72_e0APD44M1A9nC.jpg', 8735, 'image/jpeg', NULL, 0, '2014-02-06 08:58:53', 1),
(68, NULL, NULL, NULL, NULL, 'profile_picture', 'image', NULL, NULL, 'Orig', '47000_425044264236652_773023461_n.jpg', 'uploads/users/1/1', 'jzi83altrfHfD.jpg', 16649, 'image/jpeg', NULL, 0, '2014-02-06 11:45:00', 1),
(69, NULL, NULL, NULL, NULL, 'profile_picture', 'image', NULL, NULL, 'Orig', '47000_425044264236652_773023461_n.jpg', 'uploads/users/1/1', 'GfsTnanwVeUnO.jpg', 16649, 'image/jpeg', NULL, 0, '2014-02-06 11:55:48', 1),
(70, NULL, NULL, NULL, NULL, 'picture', 'image', NULL, NULL, 'Orig', '47000_425044264236652_773023461_n.jpg', 'uploads/userpost/1/45', '4ncmWm0ZmlKzx.jpg', 16649, 'image/jpeg', NULL, 0, '2014-02-06 11:57:34', 1),
(71, NULL, NULL, NULL, NULL, 'picture', 'image', 132, 72, 'XS', 'img_132_72_4ncmWm0ZmlKzx.jpg', 'uploads/userpost/1/45', 'img_132_72_4ncmWm0ZmlKzx.jpg', 8735, 'image/jpeg', NULL, 0, '2014-02-06 11:57:34', 1),
(72, NULL, NULL, NULL, NULL, 'profile_picture', 'image', NULL, NULL, 'Orig', '47000_425044264236652_773023461_n.jpg', 'uploads/users/1/2', 'WhjFd9igm0VOg.jpg', 16649, 'image/jpeg', NULL, 0, '2014-02-06 13:15:48', 1),
(73, NULL, NULL, NULL, NULL, 'profile_picture', 'image', NULL, NULL, 'Orig', '6039_264401327028719_1947321900_n.jpg', 'uploads/users/1/3', 'Lcn3cj9v32uhy.jpg', 115831, 'image/jpeg', NULL, 0, '2014-02-06 13:16:25', 1),
(74, NULL, NULL, NULL, NULL, 'profile_picture', 'image', NULL, NULL, 'Orig', '47000_425044264236652_773023461_n.jpg', 'uploads/users/1/1', '6yNvGxoZPTzYm.jpg', 16649, 'image/jpeg', NULL, 0, '2014-02-06 13:54:56', 1),
(75, NULL, NULL, NULL, NULL, 'profile_picture', 'image', NULL, NULL, 'Orig', '6039_264401327028719_1947321900_n.jpg', 'uploads/users/1/5', '27KOYcLOfgDjc.jpg', 115831, 'image/jpeg', NULL, 0, '2014-02-06 15:00:25', 1),
(76, NULL, NULL, NULL, NULL, 'profile_picture', 'image', NULL, NULL, 'Orig', '47000_425044264236652_773023461_n.jpg', 'uploads/users/1/6', '6YPWdTKQtYWYn.jpg', 16649, 'image/jpeg', NULL, 0, '2014-02-06 15:59:23', 1),
(77, NULL, NULL, NULL, NULL, 'product_picture', 'image', NULL, NULL, 'Orig', '6039_264401327028719_1947321900_n.jpg', 'uploads/products/1/3', 'DTCdsEZewfz6N.jpg', 115831, 'image/jpeg', NULL, 0, '2014-02-06 19:26:14', 1),
(78, NULL, NULL, NULL, NULL, 'product_picture', 'image', 132, 72, 'XS', 'img_132_72_DTCdsEZewfz6N.jpg', 'uploads/products/1/3', 'img_132_72_DTCdsEZewfz6N.jpg', 11913, 'image/jpeg', NULL, 0, '2014-02-06 19:26:14', 1),
(79, NULL, NULL, NULL, NULL, 'product_picture', 'image', NULL, NULL, 'Orig', '47000_425044264236652_773023461_n.jpg', 'uploads/products/1/3', '7KryNaoxhxrEH.jpg', 16649, 'image/jpeg', NULL, 0, '2014-02-06 19:31:50', 1),
(80, NULL, NULL, NULL, NULL, 'product_picture', 'image', 132, 72, 'XS', 'img_132_72_7KryNaoxhxrEH.jpg', 'uploads/products/1/3', 'img_132_72_7KryNaoxhxrEH.jpg', 8735, 'image/jpeg', NULL, 0, '2014-02-06 19:31:50', 1),
(81, NULL, NULL, 1, NULL, 'product_picture', 'image', NULL, NULL, 'Orig', 'index.jpg', 'uploads/products/1/1', '0W1GJe5GMPfRF.jpg', 7846, 'image/jpeg', NULL, 0, '2014-02-07 09:57:01', 1),
(82, NULL, NULL, 1, NULL, 'product_picture', 'image', 132, 72, 'XS', 'img_132_72_0W1GJe5GMPfRF.jpg', 'uploads/products/1/1', 'img_132_72_0W1GJe5GMPfRF.jpg', 10771, 'image/jpeg', NULL, 0, '2014-02-07 09:57:01', 1),
(83, NULL, NULL, 2, NULL, 'product_picture', 'image', NULL, NULL, 'Orig', '1601499_570071023084112_2042409616_n.jpg', 'uploads/products/1/2', 'IpdG4i3PVTC4x.jpg', 76545, 'image/jpeg', NULL, 0, '2014-02-07 10:36:47', 1),
(84, NULL, NULL, 2, NULL, 'product_picture', 'image', 132, 72, 'XS', 'img_132_72_IpdG4i3PVTC4x.jpg', 'uploads/products/1/2', 'img_132_72_IpdG4i3PVTC4x.jpg', 10060, 'image/jpeg', NULL, 0, '2014-02-07 10:36:47', 1),
(85, NULL, NULL, 3, NULL, 'product_picture', 'image', NULL, NULL, 'Orig', 'index.jpg', 'uploads/products/1/3', 'w45xibeiGkPEJ.jpg', 7846, 'image/jpeg', NULL, 0, '2014-02-07 10:59:17', 1),
(86, NULL, NULL, 3, NULL, 'product_picture', 'image', 132, 72, 'XS', 'img_132_72_w45xibeiGkPEJ.jpg', 'uploads/products/1/3', 'img_132_72_w45xibeiGkPEJ.jpg', 10771, 'image/jpeg', NULL, 0, '2014-02-07 10:59:17', 1),
(87, NULL, 39, NULL, NULL, 'picture', 'image', NULL, NULL, 'Orig', 'DSC_0033.jpg', 'uploads/userpost/1/39', 'NltbzfeeTfPWq.jpg', 1805342, 'image/jpeg', NULL, 0, '2014-02-10 21:25:50', 1),
(88, NULL, 39, NULL, NULL, 'picture', 'image', 132, 72, 'XS', 'img_132_72_NltbzfeeTfPWq.jpg', 'uploads/userpost/1/39', 'img_132_72_NltbzfeeTfPWq.jpg', 12047, 'image/jpeg', NULL, 0, '2014-02-10 21:25:50', 1),
(89, NULL, 38, NULL, NULL, 'picture', 'image', NULL, NULL, 'Orig', 'DSC_0034.jpg', 'uploads/userpost/1/38', 'QzkpI33ngAXiU.jpg', 1636586, 'image/jpeg', NULL, 0, '2014-02-12 12:33:52', 1),
(90, NULL, 38, NULL, NULL, 'picture', 'image', 132, 72, 'XS', 'img_132_72_QzkpI33ngAXiU.jpg', 'uploads/userpost/1/38', 'img_132_72_QzkpI33ngAXiU.jpg', 10034, 'image/jpeg', NULL, 0, '2014-02-12 12:33:52', 1),
(100, 24, NULL, NULL, NULL, 'profile_picture', 'image', NULL, NULL, 'Orig', '72342_257701524365366_388005665_n.jpg', 'E:/xampp/htdocsuploadsusers124', 'uJQgxwpEGotw6.jpg', 49832, 'image/jpeg', NULL, 0, '2014-02-18 02:29:04', NULL),
(101, NULL, NULL, NULL, NULL, 'profile_picture', 'image', NULL, NULL, 'Orig', '66948_258775104258008_1009529765_n.jpg', 'E:/xampp/htdocsuploadsusers125', 'fvo8TppygklRs.jpg', 46271, 'image/jpeg', NULL, 0, '2014-02-18 02:29:57', NULL),
(102, 26, NULL, NULL, NULL, 'profile_picture', 'image', NULL, NULL, 'Orig', '69873_259263967542455_1534372678_n.jpg', 'E:/xampp/htdocsuploadsusers126', 'ormaFqgSXd4mB.jpg', 48111, 'image/jpeg', NULL, 0, '2014-02-18 03:19:05', NULL),
(113, 37, NULL, NULL, NULL, 'profile_picture', 'image', NULL, NULL, 'Orig', '66948_258775104258008_1009529765_n.jpg', 'E:/xampp/htdocsuploadsusers137', 'q1ChvhgkZrsUd.jpg', 46271, 'image/jpeg', NULL, 0, '2014-02-19 01:14:16', NULL),
(114, 24, NULL, NULL, NULL, 'profile_picture', 'image', NULL, NULL, 'Orig', '47000_425044264236652_773023461_n.jpg', 'E:/xampp/htdocsuploadsusers124', 'b7i3YP3HR5ABp.jpg', 16649, 'image/jpeg', NULL, 0, '2014-02-19 01:44:35', NULL),
(117, 40, NULL, NULL, NULL, 'profile_picture', 'image', NULL, NULL, 'Orig', '205267_264390460363139_1459896730_n.jpg', 'E:/xampp/htdocs/mads/public_htmluploadsusers140', 'YAFCWXbF7lMhY.jpg', 50417, 'image/jpeg', NULL, 0, '2014-02-19 15:45:27', 24),
(118, NULL, NULL, NULL, NULL, 'profile_picture', 'image', NULL, NULL, 'Orig', '486081_489108617814831_164506989_n.jpg', 'E:/xampp/htdocs/mads/public_htmluploadsusers141', 'voi8ZGaGGzNSM.jpg', 31426, 'image/jpeg', NULL, 0, '2014-02-19 15:48:58', 24),
(119, 42, NULL, NULL, NULL, 'profile_picture', 'image', NULL, NULL, 'Orig', '67379_160808940741699_444519665_n.jpg', 'E:/xampp/htdocs/mads/public_htmluploadsusers142', 'tZtZMkGaMSlrT.jpg', 29131, 'image/jpeg', NULL, 0, '2014-02-19 16:26:00', 24),
(120, 44, NULL, NULL, NULL, 'profile_picture', 'image', NULL, NULL, 'Orig', '66948_258775104258008_1009529765_n.jpg', 'E:/xampp/htdocs/mads/public_htmluploadsusers144', 'yN0z42VjPlIDF.jpg', 46271, 'image/jpeg', NULL, 0, '2014-02-19 16:52:07', 24),
(121, NULL, NULL, NULL, NULL, 'profile_picture', 'image', NULL, NULL, 'Orig', '66468_263521697116682_904110784_n.jpg', 'E:/xampp/htdocs/mads/public_htmluploadsusers145', 'HpsVo2wRjVu3A.jpg', 36021, 'image/jpeg', NULL, 0, '2014-02-19 16:54:00', 24),
(122, 46, NULL, NULL, NULL, 'profile_picture', 'image', NULL, NULL, 'Orig', '64154_477595068974062_26967298_n.jpg', 'E:/xampp/htdocs/mads/public_htmluploadsusers146', 'MdrUTGWfmgjte.jpg', 22746, 'image/jpeg', NULL, 0, '2014-02-19 16:54:55', 24),
(123, NULL, NULL, NULL, NULL, 'profile_picture', 'image', NULL, NULL, 'Orig', 'kkk.png', 'C:xampphtdocsadsuploadsusers146', 'F99plyxETPeCB.png', 22536, 'image/png', NULL, 0, '2014-02-24 14:46:23', NULL),
(124, NULL, NULL, NULL, NULL, 'profile_picture', 'image', NULL, NULL, 'Orig', 'kkk.png', 'C:xampphtdocsadsuploadsusers147', 'IAS92MHpTye3l.png', 22536, 'image/png', NULL, 0, '2014-02-24 14:49:46', NULL),
(125, NULL, NULL, NULL, NULL, 'profile_picture', 'image', NULL, NULL, 'Orig', 'images.jpg', 'C:xampphtdocsadsuploadsusers151', 'JHCJbgxnhPvdp.jpg', 10161, 'image/jpeg', NULL, 0, '2014-02-24 14:59:38', NULL),
(126, NULL, NULL, NULL, NULL, 'profile_picture', 'image', NULL, NULL, 'Orig', 'images.jpg', 'C:\\xampp\\htdocs\\ads\\uploads\\users\\1\\54', 'qcpTEMJq1JjC8.jpg', 10161, 'image/jpeg', NULL, 0, '2014-02-24 15:03:37', NULL),
(127, NULL, NULL, NULL, NULL, 'profile_picture', 'image', NULL, NULL, 'Orig', '1.jpg', 'C:\\xampp\\htdocs\\ads\\uploads\\users\\1\\55', 'aEtyfK4BFgfID.jpg', 6023, 'image/jpeg', NULL, 0, '2014-02-24 16:06:35', NULL),
(128, NULL, NULL, NULL, NULL, 'profile_picture', 'image', NULL, NULL, 'Orig', 'photo0296.jpg', 'C:\\xampp\\htdocs\\ads\\uploads\\users\\1\\57', 'WNvITwlNOYzwG.jpg', 527585, 'image/jpeg', NULL, 0, '2014-02-26 15:34:58', NULL),
(129, 58, NULL, NULL, NULL, 'profile_picture', 'image', NULL, NULL, 'Orig', '00004376.jpg', 'C:\\xampp\\htdocs\\ads\\uploads\\users\\1\\58', '5e6kDJEzGnwXs.jpg', 1673453, 'image/jpeg', NULL, 0, '2014-02-26 17:21:46', NULL),
(130, 60, NULL, NULL, NULL, 'profile_picture', 'image', NULL, NULL, 'Orig', 'photo0297.jpg', 'C:\\xampp\\htdocs\\ads\\uploads\\users\\1\\60', '9MXvxOSknuSjH.jpg', 526859, 'image/jpeg', NULL, 0, '2014-02-26 17:42:58', NULL),
(131, 62, NULL, NULL, NULL, 'profile_picture', 'image', NULL, NULL, 'Orig', 'photo0297.jpg', 'C:\\xampp\\htdocs\\ads\\uploads\\users\\1\\62', 'rIcF1iPqDocmE.jpg', 526859, 'image/jpeg', NULL, 0, '2014-02-26 18:14:51', NULL),
(132, 63, NULL, NULL, NULL, 'profile_picture', 'image', NULL, NULL, 'Orig', 'photo0948.jpg', 'C:\\xampp\\htdocs\\ads\\uploads\\users\\1\\63', 'bLqbms1cQ65uy.jpg', 464809, 'image/jpeg', NULL, 0, '2014-02-26 18:18:14', NULL),
(133, 64, NULL, NULL, NULL, 'profile_picture', 'image', NULL, NULL, 'Orig', 'photo0294.jpg', 'C:\\xampp\\htdocs\\ads\\uploads\\users\\1\\64', '2UlxEHXnQIcEc.jpg', 484276, 'image/jpeg', NULL, 0, '2014-02-26 18:22:36', NULL),
(134, 65, NULL, NULL, NULL, 'profile_picture', 'image', NULL, NULL, 'Orig', 'photo0296.jpg', 'C:\\xampp\\htdocs\\ads\\uploads\\users\\1\\65', 'HCEsC5wUbz2rT.jpg', 527585, 'image/jpeg', NULL, 0, '2014-02-26 18:24:16', NULL),
(135, 66, NULL, NULL, NULL, 'profile_picture', 'image', NULL, NULL, 'Orig', 'photo0296.jpg', 'C:\\xampp\\htdocs\\ads\\uploads\\users\\1\\66', 'jtLfMvJAYScec.jpg', 527585, 'image/jpeg', NULL, 0, '2014-02-26 18:30:03', NULL),
(136, 67, NULL, NULL, NULL, 'profile_picture', 'image', NULL, NULL, 'Orig', 'Photo0939.jpg', 'C:\\xampp\\htdocs\\ads\\uploads\\users\\1\\67', '4IENJnw9ipFsA.jpg', 493040, 'image/jpeg', NULL, 0, '2014-02-26 18:41:30', NULL),
(137, 68, NULL, NULL, NULL, 'profile_picture', 'image', NULL, NULL, 'Orig', 'photo0296.jpg', 'C:\\xampp\\htdocs\\ads\\uploads\\users\\1\\68', 'yCbdnSyglm04v.jpg', 527585, 'image/jpeg', NULL, 0, '2014-02-26 18:51:14', NULL),
(138, 69, NULL, NULL, NULL, 'profile_picture', 'image', NULL, NULL, 'Orig', 'photo0296.jpg', 'C:\\xampp\\htdocs\\ads\\uploads\\users\\1\\69', 'sEnSHs2FGqVWv.jpg', 527585, 'image/jpeg', NULL, 0, '2014-02-26 19:05:21', NULL),
(139, NULL, NULL, NULL, NULL, 'profile_picture', 'image', NULL, NULL, 'Orig', 'photo0296.jpg', 'C:\\xampp\\htdocs\\ads\\uploads\\users\\1\\75', 'oMILBrfT3lorf.jpg', 527585, 'image/jpeg', NULL, 0, '2014-02-26 19:37:08', NULL),
(140, 76, NULL, NULL, NULL, 'profile_picture', 'image', NULL, NULL, 'Orig', 'Photo0925 - Copy.jpg', 'C:\\xampp\\htdocs\\ads\\uploads\\users\\1\\76', '3Haks5Zet5x1l.jpg', 621585, 'image/jpeg', NULL, 0, '2014-02-26 19:47:11', NULL),
(141, 77, NULL, NULL, NULL, 'profile_picture', 'image', NULL, NULL, 'Orig', 'photo0009_001 - Copy.jpg', 'C:\\xampp\\htdocs\\ads\\uploads\\users\\1\\77', 'ZKM58vZUfRrZr.jpg', 74772, 'image/jpeg', NULL, 0, '2014-02-27 10:41:37', NULL),
(142, NULL, NULL, NULL, NULL, 'profile_picture', 'image', NULL, NULL, 'Orig', 'photo0297.jpg', 'C:\\xampp\\htdocs\\ads\\uploads\\users\\1\\78', 'EStyHoRfuWSYo.jpg', 526859, 'image/jpeg', NULL, 0, '2014-02-27 10:52:18', NULL),
(143, 80, NULL, NULL, NULL, 'profile_picture', 'image', NULL, NULL, 'Orig', 'Photo0924 - Copy.jpg', 'C:\\xampp\\htdocs\\ads\\uploads\\users\\1\\80', 'xtpbBBQ0SryXd.jpg', 465190, 'image/jpeg', NULL, 0, '2014-02-27 10:56:21', NULL),
(144, NULL, NULL, NULL, NULL, 'profile_picture', 'image', NULL, NULL, 'Orig', '00004376.jpg', 'C:\\xampp\\htdocs\\ads\\uploads\\users\\1\\81', '1WgGfJwiMpXs3.jpg', 1673453, 'image/jpeg', NULL, 0, '2014-02-27 11:03:06', NULL),
(145, NULL, NULL, NULL, NULL, 'profile_picture', 'image', NULL, NULL, 'Orig', 'photo0297.jpg', 'C:\\xampp\\htdocs\\ads\\uploads\\users\\1\\83', 'N8vldAokxTdL7.jpg', 526859, 'image/jpeg', NULL, 0, '2014-02-27 13:47:20', NULL),
(146, NULL, NULL, NULL, NULL, 'profile_picture', 'image', NULL, NULL, 'Orig', 'photo0946.jpg', 'C:\\xampp\\htdocs\\ads\\uploads\\users\\1\\84', 'frFlzrHmNE64i.jpg', 684391, 'image/jpeg', NULL, 0, '2014-02-27 14:01:58', NULL),
(147, 85, NULL, NULL, NULL, 'profile_picture', 'image', NULL, NULL, 'Orig', 'photo0297.jpg', 'C:\\xampp\\htdocs\\ads\\uploads\\users\\1\\85', 'oX64IFkqqQcPF.jpg', 526859, 'image/jpeg', NULL, 0, '2014-02-27 15:48:48', NULL),
(148, 85, NULL, NULL, NULL, 'profile_picture', 'image', NULL, NULL, 'Orig', 'photo0296.jpg', 'C:\\xampp\\htdocs\\ads\\uploads\\users\\1\\85', 'S65WFk2pYqGpO.jpg', 527585, 'image/jpeg', NULL, 0, '2014-02-27 15:51:07', NULL),
(149, 86, NULL, NULL, NULL, 'profile_picture', 'image', NULL, NULL, 'Orig', 'Photo0751 - Copy.jpg', 'C:\\xampp\\htdocs\\ads\\uploads\\users\\1\\86', 'R16ZM0RDkycHD.jpg', 435362, 'image/jpeg', NULL, 0, '2014-02-27 21:48:15', NULL),
(150, NULL, NULL, NULL, NULL, 'profile_picture', 'image', NULL, NULL, 'Orig', 'photo0297.jpg', 'C:\\xampp\\htdocs\\ads\\uploads\\users\\1\\87', 'A5gRM49k0lFWC.jpg', 526859, 'image/jpeg', NULL, 0, '2014-02-27 21:58:57', NULL),
(151, 88, NULL, NULL, NULL, 'profile_picture', 'image', NULL, NULL, 'Orig', 'photo0009_001 - Copy.jpg', 'C:\\xampp\\htdocs\\ads\\uploads\\users\\1\\88', 'EAUWa9Hq2k03E.jpg', 74772, 'image/jpeg', NULL, 0, '2014-02-28 11:20:13', NULL),
(152, 89, NULL, NULL, NULL, 'profile_picture', 'image', NULL, NULL, 'Orig', 'photo0296.jpg', 'C:\\xampp\\htdocs\\ads\\uploads\\users\\1\\89', 'hOia3dgpi38Rl.jpg', 527585, 'image/jpeg', NULL, 0, '2014-02-28 12:05:43', NULL),
(153, 90, NULL, NULL, NULL, 'profile_picture', 'image', NULL, NULL, 'Orig', 'photo0297.jpg', 'C:\\xampp\\htdocs\\ads\\uploads\\users\\1\\90', 'Ovx1AssdMkH6p.jpg', 526859, 'image/jpeg', NULL, 0, '2014-02-28 17:54:21', NULL),
(154, 91, NULL, NULL, NULL, 'profile_picture', 'image', NULL, NULL, 'Orig', 'photo0297.jpg', 'C:\\xampp\\htdocs\\ads\\uploads\\users\\1\\91', 'XMqIBQHDnc59S.jpg', 526859, 'image/jpeg', NULL, 0, '2014-02-28 17:59:24', NULL),
(155, 92, NULL, NULL, NULL, 'profile_picture', 'image', NULL, NULL, 'Orig', '1743460_663952053665438_1787284456_n.jpg', 'C:\\xampp\\htdocs\\ads\\uploads\\users\\1\\92', 'sWMTzRkmUiU6b.jpg', 28000, 'image/jpeg', NULL, 0, '2014-03-01 11:15:46', NULL),
(156, 93, NULL, NULL, NULL, 'profile_picture', 'image', NULL, NULL, 'Orig', 'Photo0932 - Copy.jpg', 'C:\\xampp\\htdocs\\ads\\uploads\\users\\1\\93', 'R3kBsjr5OGXf4.jpg', 523076, 'image/jpeg', NULL, 0, '2014-03-01 11:52:49', NULL),
(157, 94, NULL, NULL, NULL, 'profile_picture', 'image', NULL, NULL, 'Orig', 'vlcsnap-2014-02-22-22h19m51s65.png', 'C:\\xampp\\htdocs\\ads\\uploads\\users\\1\\94', 'YK5JZQNwEenqg.png', 377938, 'image/png', NULL, 0, '2014-03-01 12:00:47', NULL),
(158, 96, NULL, NULL, NULL, 'profile_picture', 'image', NULL, NULL, 'Orig', 'photo0983.jpg', 'C:\\xampp\\htdocs\\ads\\uploads\\users\\1\\96', 'DZoSB8lGTaloX.jpg', 641583, 'image/jpeg', NULL, 0, '2014-03-01 12:08:53', NULL),
(159, 97, NULL, NULL, NULL, 'profile_picture', 'image', NULL, NULL, 'Orig', 'Photo0927 - Copy.jpg', 'C:\\xampp\\htdocs\\ads\\uploads\\users\\1\\97', 'pYQMmJK9WHJhR.jpg', 481561, 'image/jpeg', NULL, 0, '2014-03-01 12:11:34', NULL),
(160, 98, NULL, NULL, NULL, 'profile_picture', 'image', NULL, NULL, 'Orig', 'photo0952.jpg', 'C:\\xampp\\htdocs\\ads\\uploads\\users\\1\\98', 'qoAsi1GeoGIMP.jpg', 678737, 'image/jpeg', NULL, 0, '2014-03-01 12:13:48', NULL),
(161, 99, NULL, NULL, NULL, 'profile_picture', 'image', NULL, NULL, 'Orig', 'Photo0927 - Copy.jpg', 'C:\\xampp\\htdocs\\ads\\uploads\\users\\1\\99', 'g9dhg2jFvh52O.jpg', 481561, 'image/jpeg', NULL, 0, '2014-03-01 12:17:46', NULL),
(162, 107, NULL, NULL, NULL, 'profile_picture', 'image', NULL, NULL, 'Orig', 'photo0952.jpg', 'C:\\xampp\\htdocs\\ads\\uploads\\users\\1\\107', 'mYpfHQRqyx1Hp.jpg', 678737, 'image/jpeg', NULL, 0, '2014-03-01 17:41:15', NULL),
(163, 108, NULL, NULL, NULL, 'profile_picture', 'image', NULL, NULL, 'Orig', 'photo0009_001 - Copy.jpg', 'C:\\xampp\\htdocs\\ads\\uploads\\users\\1\\108', 'YRif71ENBLkkd.jpg', 74772, 'image/jpeg', NULL, 0, '2014-03-03 10:41:28', NULL),
(164, 109, NULL, NULL, NULL, 'profile_picture', 'image', NULL, NULL, 'Orig', 'photo0297.jpg', 'C:\\xampp\\htdocs\\ads\\uploads\\users\\1\\109', '34Mko8Tgu4dwU.jpg', 526859, 'image/jpeg', NULL, 0, '2014-03-03 13:36:41', NULL),
(165, 117, NULL, NULL, NULL, 'profile_picture', 'image', NULL, NULL, 'Orig', 'Photo0927.jpg', 'C:\\xampp\\htdocs\\ads\\uploads\\users\\1\\117', 'ONWccldhG4Gdh.jpg', 481561, 'image/jpeg', NULL, 0, '2014-03-04 11:50:08', NULL),
(166, 119, NULL, NULL, NULL, 'profile_picture', 'image', NULL, NULL, 'Orig', 'photo0296.jpg', 'C:\\xampp\\htdocs\\ads\\uploads\\users\\1\\119', 'hzLsNHM8zZYuV.jpg', 527585, 'image/jpeg', NULL, 0, '2014-03-04 11:57:38', NULL),
(167, 122, NULL, NULL, NULL, 'profile_picture', 'image', NULL, NULL, 'Orig', '00004376.jpg', 'C:\\xampp\\htdocs\\ads\\uploads\\users\\1\\122', 'alDtWIHn7gh1v.jpg', 1673453, 'image/jpeg', NULL, 0, '2014-03-04 12:04:01', NULL),
(168, 124, NULL, NULL, NULL, 'profile_picture', 'image', NULL, NULL, 'Orig', 'photo0946.jpg', 'C:\\xampp\\htdocs\\ads\\uploads\\users\\1\\124', 'unWQ5NMGSDTa8.jpg', 684391, 'image/jpeg', NULL, 0, '2014-03-04 12:11:55', NULL),
(169, 126, NULL, NULL, NULL, 'profile_picture', 'image', NULL, NULL, 'Orig', 'photo0983_001.jpg', 'C:\\xampp\\htdocs\\ads\\uploads\\users\\1\\126', '7y93xSUK0Yve1.jpg', 278902, 'image/jpeg', NULL, 0, '2014-03-04 12:41:05', NULL),
(170, 129, NULL, NULL, NULL, 'profile_picture', 'image', NULL, NULL, 'Orig', 'photo-0051_001 - Copy.jpg', 'C:\\xampp\\htdocs\\ads\\uploads\\users\\1\\129', 'ys9273eetGYHR.jpg', 316473, 'image/jpeg', NULL, 0, '2014-03-04 18:11:09', NULL),
(171, 131, NULL, NULL, NULL, 'profile_picture', 'image', NULL, NULL, 'Orig', 'photo0296.jpg', 'C:\\xampp\\htdocs\\ads\\uploads\\users\\1\\131', 'VlZei279JcKDb.jpg', 527585, 'image/jpeg', NULL, 0, '2014-03-04 18:26:22', NULL),
(172, 133, NULL, NULL, NULL, 'profile_picture', 'image', NULL, NULL, 'Orig', 'photo0295.jpg', 'C:\\xampp\\htdocs\\ads\\uploads\\users\\1\\133', 'bYozixTeuQURR.jpg', 558275, 'image/jpeg', NULL, 0, '2014-03-04 18:28:47', NULL),
(174, 141, NULL, NULL, NULL, 'profile_picture', 'image', NULL, NULL, 'Orig', 'photo-0051_001 - Copy.jpg', 'C:\\xampp\\htdocs\\ads\\uploads\\users\\1\\141', 'AKUCYgDnFlfjW.jpg', 316473, 'image/jpeg', NULL, 0, '2014-03-04 18:53:22', NULL),
(175, 143, NULL, NULL, NULL, 'profile_picture', 'image', NULL, NULL, 'Orig', 'photo-0051_001 - Copy.jpg', 'C:\\xampp\\htdocs\\ads\\uploads\\users\\1\\143', 'drr0I8e9y0UZY.jpg', 316473, 'image/jpeg', NULL, 0, '2014-03-04 18:55:46', NULL),
(176, 145, NULL, NULL, NULL, 'profile_picture', 'image', NULL, NULL, 'Orig', 'photo-0051_001 - Copy.jpg', 'C:\\xampp\\htdocs\\ads\\uploads\\users\\1\\145', 'qhaGN0YOQZCko.jpg', 316473, 'image/jpeg', NULL, 0, '2014-03-04 18:57:58', NULL),
(177, 149, NULL, NULL, NULL, 'profile_picture', 'image', NULL, NULL, 'Orig', 'photo0009_001 - Copy.jpg', 'C:\\xampp\\htdocs\\ads\\uploads\\users\\1\\149', 'OgIatuTurSix2.jpg', 74772, 'image/jpeg', NULL, 0, '2014-03-04 19:14:46', NULL),
(178, 154, NULL, NULL, NULL, 'profile_picture', 'image', NULL, NULL, 'Orig', 'photo0295.jpg', 'C:\\xampp\\htdocs\\ads\\uploads\\users\\1\\154', 'XsMq3MTxnCBmx.jpg', 558275, 'image/jpeg', NULL, 0, '2014-03-04 19:21:23', NULL),
(179, 156, NULL, NULL, NULL, 'profile_picture', 'image', NULL, NULL, 'Orig', 'photo0295.jpg', 'C:\\xampp\\htdocs\\ads\\uploads\\users\\1\\156', 'rdVWNRi6SHBj5.jpg', 558275, 'image/jpeg', NULL, 0, '2014-03-04 19:23:41', NULL),
(180, 158, NULL, NULL, NULL, 'profile_picture', 'image', NULL, NULL, 'Orig', 'photo0298.jpg', 'C:\\xampp\\htdocs\\ads\\uploads\\users\\1\\158', 'qhM5bSnW9fljr.jpg', 589804, 'image/jpeg', NULL, 0, '2014-03-04 19:28:05', NULL),
(181, 160, NULL, NULL, NULL, 'profile_picture', 'image', NULL, NULL, 'Orig', 'photo0298.jpg', 'C:\\xampp\\htdocs\\ads\\uploads\\users\\1\\160', '7OvNnQjoTTuyP.jpg', 589804, 'image/jpeg', NULL, 0, '2014-03-04 19:30:03', NULL),
(182, 163, NULL, NULL, NULL, 'profile_picture', 'image', NULL, NULL, 'Orig', 'photo0298.jpg', 'C:\\xampp\\htdocs\\ads\\uploads\\users\\1\\163', 'D9A9NWbEgkM1u.jpg', 589804, 'image/jpeg', NULL, 0, '2014-03-04 19:31:33', NULL),
(184, 166, NULL, NULL, NULL, 'profile_picture', 'image', NULL, NULL, 'Orig', 'photo0298.jpg', 'C:\\xampp\\htdocs\\ads\\uploads\\users\\1\\166', 'QbhVxtqQvxv0t.jpg', 589804, 'image/jpeg', NULL, 0, '2014-03-04 19:34:42', NULL),
(185, 168, NULL, NULL, NULL, 'profile_picture', 'image', NULL, NULL, 'Orig', 'photo0980.jpg', 'C:\\xampp\\htdocs\\ads\\uploads\\users\\1\\168', 'LF1gZRm22Sd2p.jpg', 493228, 'image/jpeg', NULL, 0, '2014-03-04 19:36:38', NULL),
(186, 170, NULL, NULL, NULL, 'profile_picture', 'image', NULL, NULL, 'Orig', 'photo0298.jpg', 'C:\\xampp\\htdocs\\ads\\uploads\\users\\1\\170', 'kuV5KkdfqpfkH.jpg', 589804, 'image/jpeg', NULL, 0, '2014-03-04 19:38:06', NULL),
(187, 172, NULL, NULL, NULL, 'profile_picture', 'image', NULL, NULL, 'Orig', 'photo0298.jpg', 'C:\\xampp\\htdocs\\ads\\uploads\\users\\1\\172', 'aMaSieDuoUBeb.jpg', 589804, 'image/jpeg', NULL, 0, '2014-03-04 19:40:18', NULL),
(188, 175, NULL, NULL, NULL, 'profile_picture', 'image', NULL, NULL, 'Orig', 'photo0298.jpg', 'C:\\xampp\\htdocs\\ads\\uploads\\users\\1\\175', 'y9YfvVaslCR4N.jpg', 589804, 'image/jpeg', NULL, 0, '2014-03-04 19:45:08', NULL),
(189, 176, NULL, NULL, NULL, 'profile_picture', 'image', NULL, NULL, 'Orig', 'photo0298.jpg', 'C:\\xampp\\htdocs\\ads\\uploads\\users\\1\\176', 'SQBtRxCjviVw9.jpg', 589804, 'image/jpeg', NULL, 0, '2014-03-04 19:46:40', NULL),
(190, 177, NULL, NULL, NULL, 'profile_picture', 'image', NULL, NULL, 'Orig', 'photo0298.jpg', 'C:\\xampp\\htdocs\\ads\\uploads\\users\\1\\177', '5uvPZXfMRzjtV.jpg', 589804, 'image/jpeg', NULL, 0, '2014-03-04 19:47:02', NULL),
(191, 179, NULL, NULL, NULL, 'profile_picture', 'image', NULL, NULL, 'Orig', 'photo0298.jpg', 'C:\\xampp\\htdocs\\ads\\uploads\\users\\1\\179', 'Hy1Ilj83JTwHP.jpg', 589804, 'image/jpeg', NULL, 0, '2014-03-04 19:47:53', NULL),
(193, 191, NULL, NULL, NULL, 'profile_picture', 'image', NULL, NULL, 'Orig', 'photo0296.jpg', 'C:\\xampp\\htdocs\\ads\\uploads\\users\\1\\191', 'MUw5qt5z3Fnlr.jpg', 527585, 'image/jpeg', NULL, 0, '2014-03-04 20:16:28', NULL),
(194, 198, NULL, NULL, NULL, 'profile_picture', 'image', NULL, NULL, 'Orig', 'photo0296.jpg', 'C:\\xampp\\htdocs\\ads\\uploads\\users\\1\\198', 'vn7aaU9W9fIFE.jpg', 527585, 'image/jpeg', NULL, 0, '2014-03-04 20:19:44', NULL),
(195, 205, NULL, NULL, NULL, 'profile_picture', 'image', NULL, NULL, 'Orig', 'photo0009_001 - Copy.jpg', 'C:\\xampp\\htdocs\\ads\\uploads\\users\\1\\205', 'AbyEasaLf3ffA.jpg', 74772, 'image/jpeg', NULL, 0, '2014-03-04 20:21:10', NULL),
(196, 213, NULL, NULL, NULL, 'profile_picture', 'image', NULL, NULL, 'Orig', 'photo0298.jpg', 'C:\\xampp\\htdocs\\ads\\uploads\\users\\1\\213', 'cI6ov44wMVHAl.jpg', 589804, 'image/jpeg', NULL, 0, '2014-03-04 20:22:27', NULL),
(197, 218, NULL, NULL, NULL, 'profile_picture', 'image', NULL, NULL, 'Orig', '7.jpg', 'C:\\xampp\\htdocs\\ads\\uploads\\users\\1\\218', 'yEULdVDYtxMU2.jpg', 24622, 'image/jpeg', NULL, 0, '2014-03-05 12:20:54', NULL),
(198, 222, NULL, NULL, NULL, 'profile_picture', 'image', NULL, NULL, 'Orig', '2.jpg', 'C:\\xampp\\htdocs\\ads\\uploads\\users\\1\\222', 'UAvuJQuonGUJL.jpg', 147674, 'image/jpeg', NULL, 0, '2014-03-05 12:49:17', NULL),
(199, 224, NULL, NULL, NULL, 'profile_picture', 'image', NULL, NULL, 'Orig', '2.jpg', 'C:\\xampp\\htdocs\\ads\\uploads\\users\\1\\224', 'zoqPcTvrjNNwm.jpg', 147674, 'image/jpeg', NULL, 0, '2014-03-05 12:54:43', NULL),
(200, 247, NULL, NULL, NULL, 'profile_picture', 'image', NULL, NULL, 'Orig', 'photo0009_001 - Copy.jpg', 'C:\\xampp\\htdocs\\ads\\uploads\\users\\1\\247', 'f62WmA8ZUb58e.jpg', 74772, 'image/jpeg', NULL, 0, '2014-03-05 13:44:29', NULL),
(201, 249, NULL, NULL, NULL, 'profile_picture', 'image', NULL, NULL, 'Orig', 'photo-0051_001 - Copy.jpg', 'C:\\xampp\\htdocs\\ads\\uploads\\users\\1\\249', 'RtXbBVmvhFATe.jpg', 316473, 'image/jpeg', NULL, 0, '2014-03-05 13:47:20', NULL),
(202, 250, NULL, NULL, NULL, 'profile_picture', 'image', NULL, NULL, 'Orig', 'photo0298.jpg', 'C:\\xampp\\htdocs\\ads\\uploads\\users\\1\\250', 'tnqnqBXFcgmxO.jpg', 589804, 'image/jpeg', NULL, 0, '2014-03-05 13:50:55', NULL),
(203, 251, NULL, NULL, NULL, 'profile_picture', 'image', NULL, NULL, 'Orig', 'photo0298.jpg', 'C:\\xampp\\htdocs\\ads\\uploads\\users\\1\\251', 'tT4VvSS3WTOi2.jpg', 589804, 'image/jpeg', NULL, 0, '2014-03-05 13:51:52', NULL),
(204, 252, NULL, NULL, NULL, 'profile_picture', 'image', NULL, NULL, 'Orig', 'photo0299.jpg', 'C:\\xampp\\htdocs\\ads\\uploads\\users\\1\\252', 'wuL24RUpo0WYd.jpg', 523537, 'image/jpeg', NULL, 0, '2014-03-05 13:57:00', NULL),
(205, 253, NULL, NULL, NULL, 'profile_picture', 'image', NULL, NULL, 'Orig', 'photo0298.jpg', 'C:\\xampp\\htdocs\\ads\\uploads\\users\\1\\253', '60FdAYuuK0jM4.jpg', 589804, 'image/jpeg', NULL, 0, '2014-03-05 13:58:36', NULL),
(206, 259, NULL, NULL, NULL, 'profile_picture', 'image', NULL, NULL, 'Orig', 'photo-0051_001 - Copy.jpg', 'C:\\xampp\\htdocs\\ads\\uploads\\users\\1\\259', 'RrIIi5bC9QCt9.jpg', 316473, 'image/jpeg', NULL, 0, '2014-03-05 14:10:26', NULL),
(207, 260, NULL, NULL, NULL, 'profile_picture', 'image', NULL, NULL, 'Orig', 'photo0298.jpg', 'C:\\xampp\\htdocs\\ads\\uploads\\users\\1\\260', 'XvVpmTpylfxq4.jpg', 589804, 'image/jpeg', NULL, 0, '2014-03-05 14:15:36', NULL),
(208, 261, NULL, NULL, NULL, 'profile_picture', 'image', NULL, NULL, 'Orig', 'photo0297.jpg', 'C:\\xampp\\htdocs\\ads\\uploads\\users\\1\\261', 'mHgZD5hgDfVnZ.jpg', 526859, 'image/jpeg', NULL, 0, '2014-03-05 14:24:03', NULL),
(209, 262, NULL, NULL, NULL, 'profile_picture', 'image', NULL, NULL, 'Orig', 'photo0009_001 - Copy.jpg', 'C:\\xampp\\htdocs\\ads\\uploads\\users\\1\\262', 'TsON3cSMkUoGm.jpg', 74772, 'image/jpeg', NULL, 0, '2014-03-05 15:43:14', NULL),
(210, 263, NULL, NULL, NULL, 'profile_picture', 'image', NULL, NULL, 'Orig', '5.jpg', 'C:\\xampp\\htdocs\\ads\\uploads\\users\\1\\263', 'GK4iKNmJVN5Hz.jpg', 51378, 'image/jpeg', NULL, 0, '2014-03-05 17:00:17', 262),
(211, 262, NULL, NULL, NULL, 'profile_picture', 'image', NULL, NULL, 'Orig', 'photo-0051_001 - Copy.jpg', 'C:\\xampp\\htdocs\\fads\\uploads\\users\\1\\262', 'bDsGSdYd4X0pa.jpg', 316473, 'image/jpeg', NULL, 0, '2014-03-05 17:54:01', 262);

-- --------------------------------------------------------

--
-- Table structure for table `news`
--

CREATE TABLE IF NOT EXISTS `news` (
  `news_id` int(11) NOT NULL AUTO_INCREMENT,
  `news_title` varchar(255) NOT NULL,
  `brief` text NOT NULL,
  `description` longtext NOT NULL,
  `display_order` int(11) NOT NULL,
  `picture_media_file_id` int(11) DEFAULT NULL,
  `active` tinyint(1) NOT NULL DEFAULT '1',
  `created_by` int(11) NOT NULL,
  `created_on` datetime NOT NULL,
  `modified_by` int(11) NOT NULL,
  `modified_on` datetime NOT NULL,
  PRIMARY KEY (`news_id`),
  KEY `news_created_by` (`created_by`),
  KEY `news_modified_by` (`modified_by`),
  KEY `news_picture_media_file_id` (`picture_media_file_id`)
) ENGINE=InnoDB  DEFAULT CHARSET=latin1 AUTO_INCREMENT=2 ;

--
-- Dumping data for table `news`
--

INSERT INTO `news` (`news_id`, `news_title`, `brief`, `description`, `display_order`, `picture_media_file_id`, `active`, `created_by`, `created_on`, `modified_by`, `modified_on`) VALUES
(1, 'ad', 'adsf', '<p>adsf</p>\r\n', 3, NULL, 1, 1, '2014-02-06 21:00:23', 1, '2014-02-07 21:02:06');

-- --------------------------------------------------------

--
-- Table structure for table `order_items`
--

CREATE TABLE IF NOT EXISTS `order_items` (
  `order_item_id` int(11) NOT NULL AUTO_INCREMENT,
  `order_id` int(11) DEFAULT NULL,
  `product_id` int(11) DEFAULT NULL,
  `quantity` int(11) DEFAULT NULL,
  `unit_price` decimal(6,2) DEFAULT NULL,
  `total_price` decimal(6,2) DEFAULT NULL,
  `created_by` int(11) DEFAULT NULL,
  `created_on` datetime DEFAULT NULL,
  `modified_by` int(11) DEFAULT NULL,
  `modified_on` datetime DEFAULT NULL,
  PRIMARY KEY (`order_item_id`),
  KEY `order_items_product_id` (`product_id`),
  KEY `order_items_created_by` (`created_by`),
  KEY `order_items_modified_by` (`modified_by`),
  KEY `order_items_order_id` (`order_id`)
) ENGINE=InnoDB  DEFAULT CHARSET=utf8 AUTO_INCREMENT=3 ;

--
-- Dumping data for table `order_items`
--

INSERT INTO `order_items` (`order_item_id`, `order_id`, `product_id`, `quantity`, `unit_price`, `total_price`, `created_by`, `created_on`, `modified_by`, `modified_on`) VALUES
(2, 2, 2, 10, '12.00', '120.00', 5, '2014-02-04 14:43:33', NULL, NULL);

-- --------------------------------------------------------

--
-- Table structure for table `orders`
--

CREATE TABLE IF NOT EXISTS `orders` (
  `order_id` int(11) NOT NULL AUTO_INCREMENT,
  `user_id` int(11) DEFAULT NULL,
  `total_price` decimal(6,2) DEFAULT NULL,
  `total_shipping` decimal(6,2) DEFAULT NULL,
  `status` enum('open','delivered','paused','resume','cancelled','closed') DEFAULT NULL,
  `type` enum('home_appliance','electronics','services','print') DEFAULT NULL,
  `total_gst` decimal(6,2) DEFAULT NULL,
  `created_on` datetime DEFAULT NULL,
  `created_by` int(11) DEFAULT NULL,
  `modified_on` datetime DEFAULT NULL,
  `modified_by` int(11) DEFAULT NULL,
  PRIMARY KEY (`order_id`),
  KEY `orders_user_id` (`user_id`),
  KEY `orders_created_by` (`created_by`),
  KEY `orders_modified_by` (`modified_by`)
) ENGINE=InnoDB  DEFAULT CHARSET=utf8 AUTO_INCREMENT=3 ;

--
-- Dumping data for table `orders`
--

INSERT INTO `orders` (`order_id`, `user_id`, `total_price`, `total_shipping`, `status`, `type`, `total_gst`, `created_on`, `created_by`, `modified_on`, `modified_by`) VALUES
(1, 3, '444.00', '44.00', 'open', 'print', '45.00', '2014-02-04 16:11:05', 2, NULL, NULL),
(2, 6, '500.00', '50.00', 'open', 'home_appliance', '50.00', '2014-02-05 14:41:48', 6, NULL, NULL);

-- --------------------------------------------------------

--
-- Table structure for table `pages`
--

CREATE TABLE IF NOT EXISTS `pages` (
  `page_id` int(11) NOT NULL AUTO_INCREMENT,
  `page_title` varchar(255) NOT NULL,
  `page_slug` varchar(255) NOT NULL,
  `page_content` longtext NOT NULL,
  `meta_title` varchar(255) DEFAULT NULL,
  `meta_keywords` text,
  `meta_description` text,
  `active` tinyint(1) NOT NULL DEFAULT '1',
  `created_by` int(11) NOT NULL,
  `created_on` datetime NOT NULL,
  `modified_by` int(11) NOT NULL,
  `modified_on` datetime NOT NULL,
  PRIMARY KEY (`page_id`),
  KEY `pages_created_by` (`created_by`),
  KEY `pages_modified_by` (`modified_by`)
) ENGINE=InnoDB  DEFAULT CHARSET=latin1 AUTO_INCREMENT=7 ;

--
-- Dumping data for table `pages`
--

INSERT INTO `pages` (`page_id`, `page_title`, `page_slug`, `page_content`, `meta_title`, `meta_keywords`, `meta_description`, `active`, `created_by`, `created_on`, `modified_by`, `modified_on`) VALUES
(6, 'test', 'test', '<span class="Apple-tab-span" style="white-space:pre">	</span>tests<span class="Apple-tab-span" style="white-space:pre">	</span>', 'test', 'test', 'test', 1, 1, '2014-02-01 13:03:16', 1, '2014-02-01 13:41:54');

-- --------------------------------------------------------

--
-- Table structure for table `roles`
--

CREATE TABLE IF NOT EXISTS `roles` (
  `role_id` int(11) NOT NULL AUTO_INCREMENT,
  `role_name` varchar(255) NOT NULL,
  PRIMARY KEY (`role_id`)
) ENGINE=InnoDB  DEFAULT CHARSET=latin1 AUTO_INCREMENT=4 ;

--
-- Dumping data for table `roles`
--

INSERT INTO `roles` (`role_id`, `role_name`) VALUES
(1, 'admin'),
(2, 'user'),
(3, 'print_supplier');

-- --------------------------------------------------------

--
-- Table structure for table `tbl_migration`
--

CREATE TABLE IF NOT EXISTS `tbl_migration` (
  `version` varchar(255) NOT NULL,
  `apply_time` int(11) DEFAULT NULL,
  PRIMARY KEY (`version`)
) ENGINE=InnoDB DEFAULT CHARSET=latin1;

--
-- Dumping data for table `tbl_migration`
--

INSERT INTO `tbl_migration` (`version`, `apply_time`) VALUES
('m000000_000000_base', 1392806402),
('m140219_093233_change_active_to_status', 1392806404);

-- --------------------------------------------------------

--
-- Table structure for table `user_post_comments`
--

CREATE TABLE IF NOT EXISTS `user_post_comments` (
  `user_post_comment_id` int(11) NOT NULL AUTO_INCREMENT,
  `post_id` int(11) NOT NULL,
  `comment` text NOT NULL,
  `active` tinyint(1) NOT NULL DEFAULT '1',
  `created_by` int(11) NOT NULL,
  `created_on` datetime NOT NULL,
  PRIMARY KEY (`user_post_comment_id`),
  KEY `user_post_comments_post_id` (`post_id`),
  KEY `user_post_comments_created_by` (`created_by`)
) ENGINE=InnoDB  DEFAULT CHARSET=latin1 AUTO_INCREMENT=3 ;

--
-- Dumping data for table `user_post_comments`
--

INSERT INTO `user_post_comments` (`user_post_comment_id`, `post_id`, `comment`, `active`, `created_by`, `created_on`) VALUES
(1, 44, 'hi', 0, 1, '2014-02-06 09:25:59'),
(2, 39, 'hello', 0, 1, '2014-02-05 09:51:50');

-- --------------------------------------------------------

--
-- Table structure for table `user_posts`
--

CREATE TABLE IF NOT EXISTS `user_posts` (
  `user_post_id` int(11) NOT NULL AUTO_INCREMENT,
  `user_id` int(11) NOT NULL,
  `category_id` int(11) DEFAULT NULL,
  `post_type` enum('story','picture') NOT NULL,
  `picture_thumb_media_file_id` int(11) DEFAULT NULL,
  `picture_media_file_id` int(11) DEFAULT NULL,
  `comment` text,
  `story_background_colour` varchar(20) DEFAULT NULL,
  `story_font_style` varchar(20) DEFAULT NULL,
  `is_public` tinyint(1) NOT NULL DEFAULT '1',
  `active` tinyint(1) NOT NULL DEFAULT '1',
  `total_likes` int(11) NOT NULL DEFAULT '0',
  `total_shares` int(11) NOT NULL DEFAULT '0',
  `reported_abuse` tinyint(1) NOT NULL DEFAULT '0',
  `created_by` int(11) NOT NULL,
  `created_on` datetime DEFAULT NULL,
  `modified_by` int(11) NOT NULL,
  `modified_on` datetime DEFAULT NULL,
  PRIMARY KEY (`user_post_id`),
  KEY `user_posts_category_id` (`category_id`),
  KEY `user_posts_user_id` (`user_id`),
  KEY `user_posts_created_by` (`created_by`),
  KEY `user_posts_modified_by` (`modified_by`),
  KEY `user_posts_picture_thumb` (`picture_thumb_media_file_id`),
  KEY `user_posts_picture` (`picture_media_file_id`)
) ENGINE=InnoDB  DEFAULT CHARSET=latin1 AUTO_INCREMENT=46 ;

--
-- Dumping data for table `user_posts`
--

INSERT INTO `user_posts` (`user_post_id`, `user_id`, `category_id`, `post_type`, `picture_thumb_media_file_id`, `picture_media_file_id`, `comment`, `story_background_colour`, `story_font_style`, `is_public`, `active`, `total_likes`, `total_shares`, `reported_abuse`, `created_by`, `created_on`, `modified_by`, `modified_on`) VALUES
(11, 1, 2, 'story', 3, NULL, NULL, NULL, NULL, 1, 1, 0, 0, 0, 1, '2014-02-03 15:50:17', 1, '2014-02-05 15:50:29'),
(17, 1, 2, 'story', NULL, NULL, NULL, NULL, NULL, 1, 1, 0, 0, 0, 1, '2014-02-05 14:19:56', 1, NULL),
(36, 1, 2, 'story', NULL, NULL, 'hello Ajij .. how you doing ? ', 'red', 'arial', 1, 1, 0, 0, 0, 1, '2014-02-05 17:26:05', 1, '2014-02-13 17:50:28'),
(37, 1, 2, 'story', NULL, NULL, 'adsfasdf', 'red', 'arial', 1, 0, 0, 0, 1, 1, '2014-02-05 17:46:55', 1, '2014-02-05 17:46:55'),
(38, 1, 2, 'picture', NULL, 89, 'ertrt\r\n', '', '', 1, 1, 0, 0, 0, 1, '2014-02-05 17:47:46', 1, '2013-11-14 12:33:52'),
(39, 1, 2, 'picture', NULL, 87, 'asdfsdaf', '', '', 1, 0, 0, 0, 0, 1, '2014-02-05 18:22:49', 1, '2014-01-01 21:25:50'),
(40, 1, 2, 'picture', NULL, NULL, 'asdfsdaf', '', '', 1, 1, 0, 0, 0, 1, '2014-02-05 18:22:49', 1, '2013-11-01 18:22:49'),
(41, 1, 2, 'picture', NULL, NULL, 'asdfdasf', '', '', 1, 1, 0, 0, 0, 1, '2014-02-05 18:25:08', 1, '2014-02-05 18:25:08'),
(42, 1, 2, 'picture', NULL, NULL, 'asdfdasf', '', '', 1, 1, 0, 0, 0, 1, '2014-02-05 18:26:38', 1, '2013-10-30 18:26:38'),
(43, 1, 2, 'picture', NULL, NULL, 'aaaaa', '', '', 1, 0, 0, 0, 0, 1, '2014-02-05 18:36:30', 1, '2012-09-01 18:36:30'),
(44, 1, 2, 'picture', NULL, 65, 'adsf', '', '', 1, 1, 0, 0, 0, 1, '2014-02-06 08:58:53', 1, '2014-03-21 08:58:53'),
(45, 1, 2, 'picture', NULL, 70, 'asdfads', '', '', 1, 1, 0, 0, 0, 1, '2014-02-06 11:57:34', 1, '2014-02-06 11:57:34');

-- --------------------------------------------------------

--
-- Table structure for table `user_roles`
--

CREATE TABLE IF NOT EXISTS `user_roles` (
  `user_id` int(11) NOT NULL,
  `role_id` int(11) NOT NULL,
  `created_by` int(11) NOT NULL,
  `created_on` datetime NOT NULL,
  PRIMARY KEY (`user_id`,`role_id`),
  KEY `user_roles_role_id` (`role_id`),
  KEY `user_roles_created_by` (`created_by`)
) ENGINE=InnoDB DEFAULT CHARSET=latin1;

--
-- Dumping data for table `user_roles`
--

INSERT INTO `user_roles` (`user_id`, `role_id`, `created_by`, `created_on`) VALUES
(24, 1, 24, '2014-02-04 00:00:00'),
(58, 1, 24, '2014-02-26 00:00:00'),
(74, 1, 74, '2014-02-26 19:30:02'),
(75, 1, 75, '2014-02-26 19:37:06'),
(76, 1, 76, '2014-02-26 19:47:09'),
(77, 1, 77, '2014-02-27 10:41:36'),
(78, 1, 78, '2014-02-27 10:52:15'),
(80, 1, 80, '2014-02-27 10:56:18'),
(81, 1, 81, '2014-02-27 11:02:57'),
(82, 1, 82, '2014-02-27 12:27:57'),
(83, 1, 83, '2014-02-27 13:47:17'),
(84, 1, 84, '2014-02-27 14:01:52'),
(85, 1, 85, '2014-02-27 15:48:45'),
(86, 1, 86, '2014-02-27 21:48:13'),
(87, 1, 87, '2014-02-27 21:58:56'),
(88, 1, 88, '2014-02-28 11:20:13'),
(89, 1, 89, '2014-02-28 12:05:41'),
(90, 1, 90, '2014-02-28 17:54:19'),
(91, 1, 91, '2014-02-28 17:59:22'),
(92, 1, 92, '2014-03-01 11:15:45'),
(93, 1, 93, '2014-03-01 11:52:47'),
(107, 1, 107, '2014-03-01 17:41:12'),
(108, 1, 108, '2014-03-03 10:41:28'),
(109, 1, 109, '2014-03-03 13:36:39'),
(110, 1, 110, '2014-03-03 23:20:00'),
(111, 1, 111, '2014-03-03 23:20:30'),
(112, 1, 112, '2014-03-03 23:20:56'),
(113, 1, 113, '2014-03-03 23:23:15'),
(114, 1, 114, '2014-03-03 23:25:49'),
(115, 1, 115, '2014-03-04 11:47:12'),
(116, 1, 116, '2014-03-04 11:49:41'),
(117, 1, 117, '2014-03-04 11:50:06'),
(118, 1, 118, '2014-03-04 11:56:49'),
(119, 1, 119, '2014-03-04 11:57:35'),
(120, 1, 120, '2014-03-04 12:01:28'),
(121, 1, 121, '2014-03-04 12:03:44'),
(122, 1, 122, '2014-03-04 12:03:55'),
(123, 1, 123, '2014-03-04 12:11:44'),
(124, 1, 124, '2014-03-04 12:11:52'),
(125, 1, 125, '2014-03-04 12:40:53'),
(126, 1, 126, '2014-03-04 12:41:04'),
(128, 1, 128, '2014-03-04 18:10:59'),
(129, 1, 129, '2014-03-04 18:11:07'),
(130, 1, 130, '2014-03-04 18:26:09'),
(131, 1, 131, '2014-03-04 18:26:20'),
(132, 1, 132, '2014-03-04 18:28:25'),
(133, 1, 133, '2014-03-04 18:28:45'),
(140, 1, 140, '2014-03-04 18:53:17'),
(141, 1, 141, '2014-03-04 18:53:21'),
(142, 1, 142, '2014-03-04 18:55:41'),
(143, 1, 143, '2014-03-04 18:55:45'),
(144, 1, 144, '2014-03-04 18:57:52'),
(145, 1, 145, '2014-03-04 18:57:57'),
(148, 1, 148, '2014-03-04 19:14:42'),
(149, 1, 149, '2014-03-04 19:14:46'),
(154, 1, 154, '2014-03-04 19:21:21'),
(156, 1, 156, '2014-03-04 19:23:39'),
(157, 1, 157, '2014-03-04 19:27:51'),
(158, 1, 158, '2014-03-04 19:28:03'),
(159, 1, 159, '2014-03-04 19:29:57'),
(160, 1, 160, '2014-03-04 19:30:01'),
(161, 1, 161, '2014-03-04 19:31:18'),
(162, 1, 162, '2014-03-04 19:31:19'),
(163, 1, 163, '2014-03-04 19:31:31'),
(166, 1, 166, '2014-03-04 19:34:40'),
(167, 1, 167, '2014-03-04 19:36:25'),
(168, 1, 168, '2014-03-04 19:36:36'),
(169, 1, 169, '2014-03-04 19:37:54'),
(170, 1, 170, '2014-03-04 19:38:04'),
(171, 1, 171, '2014-03-04 19:40:12'),
(172, 1, 172, '2014-03-04 19:40:16'),
(175, 1, 175, '2014-03-04 19:45:06'),
(176, 1, 176, '2014-03-04 19:46:38'),
(177, 1, 177, '2014-03-04 19:47:00'),
(178, 1, 178, '2014-03-04 19:47:47'),
(179, 1, 179, '2014-03-04 19:47:51'),
(180, 1, 180, '2014-03-04 19:49:15'),
(183, 1, 183, '2014-03-04 20:08:04'),
(259, 1, 259, '2014-03-05 14:10:25'),
(260, 1, 260, '2014-03-05 14:15:34'),
(261, 1, 261, '2014-03-05 14:24:01'),
(262, 1, 262, '2014-03-05 15:43:13'),
(263, 1, 262, '2014-03-05 17:00:16');

-- --------------------------------------------------------

--
-- Table structure for table `users`
--

CREATE TABLE IF NOT EXISTS `users` (
  `user_id` int(11) NOT NULL AUTO_INCREMENT,
  `firstname` varchar(1000) DEFAULT NULL,
  `lastname` varchar(1000) DEFAULT NULL,
  `username` varchar(1000) DEFAULT NULL,
  `password` varchar(1000) DEFAULT NULL,
  `register_surce` varchar(1000) DEFAULT NULL,
  `date_of_birth` date DEFAULT NULL,
  `phone` varchar(100) DEFAULT NULL,
  `paypal_email` varchar(1000) DEFAULT NULL,
  `email` varchar(1000) DEFAULT NULL,
  `country` varchar(1000) NOT NULL,
  `state` varchar(1000) NOT NULL,
  `city` varchar(1000) NOT NULL,
  `zipcode` varchar(100) NOT NULL,
  `address` text,
  `profile_description` text,
  `lat` varchar(1000) DEFAULT NULL,
  `logn` varchar(1000) DEFAULT NULL,
  `sex` enum('male','female') DEFAULT NULL,
  `private_email` varchar(1000) DEFAULT NULL,
  `profile_picture_media_file_id` int(11) DEFAULT NULL,
  `email_newsletter` tinyint(1) DEFAULT NULL,
  `reset_password_key` varchar(1000) DEFAULT NULL,
  `reset_password_timestamp` datetime DEFAULT NULL,
  `last_login_datetime` datetime DEFAULT NULL,
  `email_address_verified` tinyint(1) DEFAULT NULL,
  `status` tinyint(1) DEFAULT '1',
  `reviews` int(11) NOT NULL DEFAULT '0',
  `last_login_ip_address` varchar(1000) NOT NULL,
  `created_on` datetime DEFAULT NULL,
  `modified_on` datetime DEFAULT NULL,
  `created_by` int(11) DEFAULT NULL,
  `modified_by` int(11) DEFAULT NULL,
  PRIMARY KEY (`user_id`),
  KEY `user_profile_picture_media_file_id` (`profile_picture_media_file_id`)
) ENGINE=InnoDB  DEFAULT CHARSET=utf8 AUTO_INCREMENT=264 ;

--
-- Dumping data for table `users`
--

INSERT INTO `users` (`user_id`, `firstname`, `lastname`, `username`, `password`, `register_surce`, `date_of_birth`, `phone`, `paypal_email`, `email`, `country`, `state`, `city`, `zipcode`, `address`, `profile_description`, `lat`, `logn`, `sex`, `private_email`, `profile_picture_media_file_id`, `email_newsletter`, `reset_password_key`, `reset_password_timestamp`, `last_login_datetime`, `email_address_verified`, `status`, `reviews`, `last_login_ip_address`, `created_on`, `modified_on`, `created_by`, `modified_by`) VALUES
(24, 'admin', 'asldj@gmail.com', 'admin', '21232f297a57a5a743894a0e4a801fc3', NULL, NULL, NULL, NULL, NULL, '', '', '', '', NULL, NULL, '18.291949733550336', '73.57749938964844', NULL, 'aljd@gmail.com', NULL, NULL, NULL, NULL, '2014-02-27 07:05:32', NULL, 1, 0, '::1', '2014-02-18 02:29:04', '2014-02-19 02:13:24', NULL, NULL),
(26, 'asd@gmail.com', 'sldkfjQ@gmai.com', 'asdlkj', NULL, NULL, NULL, NULL, NULL, NULL, '', '', '', '', NULL, NULL, NULL, NULL, NULL, 'salkd@gmail.com', 102, NULL, NULL, NULL, NULL, NULL, 0, 0, '', '2014-02-18 03:19:05', '2014-02-18 03:19:05', NULL, NULL),
(37, 'sadlkj', 'sdlkfj', 'adsflkj', NULL, NULL, NULL, NULL, NULL, NULL, '', '', '', '', NULL, NULL, NULL, NULL, NULL, 'sdlkj', 113, NULL, NULL, NULL, NULL, NULL, 0, 0, '', '2014-02-19 01:14:16', '2014-02-19 01:14:16', NULL, NULL),
(40, 'aslam', 'aslam', 'aslam', NULL, NULL, NULL, NULL, NULL, NULL, '', '', '', '', NULL, NULL, NULL, NULL, NULL, 'aslam@gmail.com', 117, NULL, NULL, NULL, NULL, NULL, NULL, 0, '', '2014-02-19 15:45:27', '2014-02-19 15:45:27', 24, 24),
(42, 'asdlkfj', 'asldkj', 'adf', NULL, NULL, NULL, NULL, NULL, NULL, '', '', '', '', NULL, NULL, NULL, NULL, NULL, 'asldkjf@gmail.com', 119, NULL, NULL, NULL, NULL, NULL, NULL, 0, '', '2014-02-19 16:26:00', '2014-02-19 16:26:00', 24, 24),
(44, 'asldkfj', 'alsdkfj', 'aldsk', NULL, NULL, NULL, NULL, NULL, NULL, '', '', '', '', NULL, NULL, NULL, NULL, NULL, 'sldkfj@gmail.com', 120, NULL, NULL, NULL, NULL, NULL, NULL, 0, '', '2014-02-19 16:52:07', '2014-02-19 16:52:07', 24, 24),
(46, 'sdlkf', 'sdlfk', 'ads', NULL, NULL, '0000-00-00', 'sdlkf', 'asdflk@gmalk.com', NULL, '', '', '', '', 'asdkl', 'asdf', '', '', '', 'sldk@gmail.com', 123, NULL, NULL, NULL, NULL, NULL, NULL, 0, '', '2014-02-19 16:54:55', '2014-02-24 14:46:23', 24, 24),
(58, 'Rakesh', 'kalshetti', 'rakesh', 'd41d8cd98f00b204e9800998ecf8427e', NULL, NULL, NULL, NULL, NULL, '', '', '', '', NULL, NULL, NULL, NULL, NULL, 'rakesh@gmail.com', 129, NULL, NULL, NULL, NULL, NULL, 1, 0, '', '2014-02-26 17:21:46', '2014-02-26 17:21:46', NULL, NULL),
(59, 'admin', 'admin', 'vilasa', '21232f297a57a5a743894a0e4a801fc3', NULL, NULL, NULL, NULL, NULL, '', '', '', '', NULL, NULL, NULL, NULL, NULL, 'admin@gmail.com', NULL, NULL, NULL, NULL, '2014-02-26 13:10:01', NULL, 1, 0, '::1', '2014-02-26 17:38:25', '2014-02-26 17:38:25', NULL, NULL),
(60, 'Ramesh', 'Sangshetti', 'ramesh', 'd41d8cd98f00b204e9800998ecf8427e', NULL, NULL, NULL, NULL, NULL, '', '', '', '', NULL, NULL, NULL, NULL, NULL, 'ramesh@gmail.com', 130, NULL, NULL, NULL, NULL, NULL, 1, 0, '', '2014-02-26 17:42:58', '2014-02-26 17:42:58', NULL, NULL),
(61, 'asdlkf', 'alsk', 'kkkk', '67a05e3822ce48a6386746388e6c81f5', NULL, NULL, NULL, NULL, NULL, '', '', '', '', NULL, NULL, NULL, NULL, NULL, 'dkjk@gmail.com', NULL, NULL, NULL, NULL, '2014-02-26 14:23:35', NULL, 1, 0, '::1', '2014-02-26 17:55:48', '2014-02-26 17:55:48', NULL, NULL),
(62, 'Vicky', 'Birajdar', 'vivek', NULL, NULL, NULL, NULL, NULL, NULL, '', '', '', '', NULL, NULL, NULL, NULL, NULL, 'vivek@gmail.com', 131, NULL, NULL, NULL, NULL, NULL, 1, 0, '', '2014-02-26 18:14:51', '2014-02-26 18:14:51', NULL, NULL),
(63, 'Basu', 'koli', 'onlyappa', NULL, NULL, NULL, NULL, NULL, NULL, '', '', '', '', NULL, NULL, NULL, NULL, NULL, 'basu@gmail.com', 132, NULL, NULL, NULL, NULL, NULL, 1, 0, '', '2014-02-26 18:18:14', '2014-02-26 18:18:14', NULL, NULL),
(64, 'Aravind', 'kalmani', 'aravind', NULL, NULL, NULL, NULL, NULL, NULL, '', '', '', '', NULL, NULL, NULL, NULL, NULL, 'aru@gmail.com', 133, NULL, NULL, NULL, NULL, NULL, 1, 0, '', '2014-02-26 18:22:36', '2014-02-26 18:22:36', NULL, NULL),
(65, 'AAAAA', 'BBBBB', 'AAAA', NULL, NULL, NULL, NULL, NULL, NULL, '', '', '', '', NULL, NULL, NULL, NULL, NULL, 'aa@gmail.com', 134, NULL, NULL, NULL, NULL, NULL, 1, 0, '', '2014-02-26 18:24:16', '2014-02-26 18:24:16', NULL, NULL),
(66, 'Prakash', 'Alagi', 'prakash', NULL, NULL, NULL, NULL, NULL, NULL, '', '', '', '', NULL, NULL, NULL, NULL, NULL, 'prakash@gmail.com', 135, NULL, NULL, NULL, NULL, NULL, 1, 0, '', '2014-02-26 18:30:03', '2014-02-26 18:30:03', NULL, NULL),
(67, 'Ismail', 'maniyar', 'ismail', NULL, NULL, NULL, NULL, NULL, NULL, '', '', '', '', NULL, NULL, NULL, NULL, NULL, 'ismail@gmail.com', 136, NULL, NULL, NULL, NULL, NULL, 1, 0, '', '2014-02-26 18:41:30', '2014-02-26 18:41:30', NULL, NULL),
(68, 'Hero', 'hero', 'hero', NULL, NULL, NULL, NULL, NULL, NULL, '', '', '', '', NULL, NULL, NULL, NULL, NULL, 'hero@gmail.com', 137, NULL, NULL, NULL, NULL, NULL, 1, 0, '', '2014-02-26 18:51:14', '2014-02-26 18:51:14', NULL, NULL),
(69, 'Mohan', 'Rathod', 'Mohan', NULL, NULL, NULL, NULL, NULL, NULL, '', '', '', '', NULL, NULL, NULL, NULL, NULL, 'mohan@gmail.com', 138, NULL, NULL, NULL, NULL, NULL, 1, 0, '', '2014-02-26 19:05:21', '2014-02-26 19:05:21', NULL, NULL),
(70, 'rajesh', 'Baru', 'Raju', '03c017f682085142f3b60f56673e22dc', NULL, NULL, NULL, NULL, NULL, '', '', '', '', NULL, NULL, NULL, NULL, NULL, 'raju@gmail.com', NULL, NULL, NULL, NULL, NULL, NULL, 1, 0, '', '2014-02-26 19:17:18', '2014-02-26 19:17:18', NULL, NULL),
(74, 'Vinod', 'Rathod', 'Vinod', '79ebf16d6a9ae0e860c8834db4735b24', NULL, NULL, NULL, NULL, NULL, '', '', '', '', NULL, NULL, NULL, NULL, NULL, 'vinod@gmail.com', NULL, NULL, NULL, NULL, '2014-02-26 15:05:33', NULL, 1, 0, '::1', '2014-02-26 19:30:02', '2014-02-26 19:30:02', NULL, NULL),
(75, 'baburao', 'koli', 'babu', NULL, NULL, NULL, NULL, NULL, NULL, '', '', '', '', NULL, NULL, NULL, NULL, NULL, 'babu@gmail.com', 139, NULL, NULL, NULL, '2014-02-26 15:07:22', NULL, 1, 0, '::1', '2014-02-26 19:37:08', '2014-02-26 19:37:08', NULL, NULL),
(76, 'Nitin', 'Dhas', 'nitin', NULL, NULL, NULL, NULL, NULL, NULL, '', '', '', '', NULL, NULL, NULL, NULL, NULL, 'nitin@gmail.com', 140, NULL, NULL, NULL, '2014-02-26 15:23:39', NULL, 1, 0, '::1', '2014-02-26 19:47:11', '2014-02-26 19:47:11', NULL, NULL),
(77, 'Nagesh', 'Birajdar', 'nagesh', NULL, NULL, NULL, NULL, NULL, NULL, '', '', '', '', NULL, NULL, NULL, NULL, NULL, 'nagesh@gmail.com', 141, NULL, NULL, NULL, '2014-02-27 06:12:05', NULL, 1, 0, '::1', '2014-02-27 10:41:37', '2014-02-27 10:41:37', NULL, NULL),
(78, 'Pooja', 'Birajdar', 'pooja', NULL, NULL, NULL, NULL, NULL, NULL, '', '', '', '', NULL, NULL, NULL, NULL, NULL, 'pooja@yahoo.in', 142, NULL, NULL, NULL, '2014-02-27 06:22:31', NULL, 1, 0, '::1', '2014-02-27 10:52:18', '2014-02-27 10:52:18', NULL, NULL),
(80, 'vilas', 'Alagi', 'vilas', '91c8cfb27cb18154148ff55ec9b65334', NULL, NULL, NULL, NULL, NULL, '', '', '', '', NULL, NULL, NULL, NULL, NULL, 'sapna@gmail.com', 143, NULL, NULL, NULL, '2014-03-05 07:56:40', NULL, 1, 0, '::1', '2014-02-27 10:56:21', '2014-02-27 10:56:21', NULL, NULL),
(81, 'Divya', 'Birajdar', 'divya', '21232f297a57a5a743894a0e4a801fc3', NULL, NULL, NULL, NULL, NULL, '', '', '', '', NULL, NULL, NULL, NULL, NULL, 'divya@gmail.com', 144, NULL, NULL, NULL, '2014-02-27 07:37:50', NULL, 1, 0, '::1', '2014-02-27 11:03:06', '2014-02-27 11:03:06', NULL, NULL),
(82, 'TELE', 'TELE', 'tele', '78857e755b612e043b2d9e17c5f0cec6', NULL, NULL, NULL, NULL, NULL, '', '', '', '', NULL, NULL, NULL, NULL, NULL, 'TEl@gmail.com', NULL, NULL, NULL, NULL, '2014-02-27 08:04:31', NULL, 1, 0, '::1', '2014-02-27 12:27:57', '2014-02-27 12:27:57', NULL, NULL),
(83, 'Kashinath', 'Alagi', 'kashinath', NULL, NULL, NULL, NULL, NULL, NULL, '', '', '', '', NULL, NULL, NULL, NULL, NULL, 'kashinath@gmail.com', 145, NULL, NULL, NULL, NULL, NULL, 1, 0, '', '2014-02-27 13:47:20', '2014-02-27 13:47:20', NULL, NULL),
(84, 'Lata', 'Alagi', 'lata', '91c8cfb27cb18154148ff55ec9b65334', NULL, NULL, NULL, NULL, NULL, '', '', '', '', NULL, NULL, NULL, NULL, NULL, 'lata@gmail.com', 146, NULL, NULL, NULL, '2014-03-03 09:13:43', NULL, 1, 0, '::1', '2014-02-27 14:01:58', '2014-02-27 14:01:58', NULL, NULL),
(85, 'Varsha', 'Alagi', 'varsha', 'vilas', NULL, '1987-02-03', '9090909090', 'varsha@yahoo.in', NULL, '', '', '', '', 'Udagi', 'Very Nice', '', '', 'female', 'varsha@gmail.com', NULL, NULL, NULL, NULL, NULL, NULL, 1, 0, '', '2014-02-27 15:48:48', '2014-02-27 16:28:00', NULL, NULL),
(86, 'Ram', 'Landhe', 'ram', NULL, NULL, NULL, NULL, NULL, NULL, '', '', '', '', NULL, NULL, NULL, NULL, NULL, 'ram@gmail.com', 149, NULL, NULL, NULL, NULL, NULL, 1, 0, '', '2014-02-27 21:48:15', '2014-02-27 21:48:15', NULL, NULL),
(87, 'Iresh', 'swami', 'iresh', NULL, NULL, NULL, NULL, NULL, NULL, '', '', '', '', NULL, NULL, NULL, NULL, NULL, 'iresh@gmail.com', 150, NULL, NULL, NULL, NULL, NULL, 1, 0, '', '2014-02-27 21:58:57', '2014-02-27 21:58:57', NULL, NULL),
(88, 'Santosh', 'Kalburgi', 'santosh', NULL, NULL, NULL, NULL, NULL, NULL, '', '', '', '', NULL, NULL, NULL, NULL, NULL, 'santosh@gmail.com', 151, NULL, NULL, NULL, NULL, NULL, 1, 0, '', '2014-02-28 11:20:13', '2014-02-28 11:20:13', NULL, NULL),
(89, 'AAAAA', 'BBBBB', 'aaaaa', NULL, NULL, NULL, NULL, NULL, NULL, '', '', '', '', NULL, NULL, NULL, NULL, NULL, 'aaaaa@gmail.com', 152, NULL, NULL, NULL, NULL, NULL, 1, 0, '', '2014-02-28 12:05:43', '2014-02-28 12:05:43', NULL, NULL),
(90, 'Salman', 'Rathod', 'salman', NULL, NULL, NULL, NULL, NULL, NULL, '', '', '', '', NULL, NULL, NULL, NULL, NULL, 'salman@gmail.com', 153, NULL, NULL, NULL, NULL, NULL, 1, 0, '', '2014-02-28 17:54:21', '2014-02-28 17:54:21', NULL, NULL),
(91, 'salman', 'kuai', 'sal', NULL, NULL, NULL, NULL, NULL, NULL, '', '', '', '', NULL, NULL, NULL, NULL, NULL, 'slam@gmail.com', 154, NULL, NULL, NULL, NULL, NULL, 1, 0, '', '2014-02-28 17:59:24', '2014-02-28 17:59:24', NULL, NULL),
(92, 'Mayur', 'Jadhav', 'mayur', NULL, NULL, NULL, NULL, NULL, NULL, '', '', '', '', NULL, NULL, NULL, NULL, NULL, 'mayur@gmail.com', 155, NULL, NULL, NULL, NULL, NULL, 1, 0, '', '2014-03-01 11:15:46', '2014-03-01 11:15:46', NULL, NULL),
(93, 'Rahul', 'panasare', 'rahul', '1f32aa4c9a1d2ea010adcf2348166a04', NULL, NULL, NULL, NULL, NULL, '', '', '', '', NULL, NULL, NULL, NULL, NULL, 'rahul@gmail.com', 156, NULL, NULL, NULL, NULL, NULL, 1, 0, '', '2014-03-01 11:52:49', '2014-03-01 11:52:49', NULL, NULL),
(94, 'Sangita', 'Birajdar', 'sangita', NULL, NULL, NULL, NULL, NULL, NULL, '', '', '', '', NULL, NULL, NULL, NULL, NULL, 'sangita@gmail.com', 157, NULL, NULL, NULL, NULL, NULL, 1, 0, '', '2014-03-01 12:00:47', '2014-03-01 12:00:47', NULL, NULL),
(95, 'Dushali', 'Alagi', 'dushali', '143', NULL, NULL, NULL, NULL, NULL, '', '', '', '', NULL, NULL, NULL, NULL, NULL, 'lata@gmail.com', NULL, NULL, NULL, NULL, NULL, NULL, 1, 0, '', '2014-03-01 12:04:15', '2014-03-01 12:04:15', NULL, NULL),
(96, 'Shiva', 'Alagi', 'shivanand', NULL, NULL, NULL, NULL, NULL, NULL, '', '', '', '', NULL, NULL, NULL, NULL, NULL, 'shiva@gmail.com', 158, NULL, NULL, NULL, NULL, NULL, 1, 0, '', '2014-03-01 12:08:53', '2014-03-01 12:08:53', NULL, NULL),
(97, 'shiva', 'Alagi', 'shiva', NULL, NULL, NULL, NULL, NULL, NULL, '', '', '', '', NULL, NULL, NULL, NULL, NULL, 'shiva@gmail.com', 159, NULL, NULL, NULL, NULL, NULL, 1, 0, '', '2014-03-01 12:11:34', '2014-03-01 12:11:34', NULL, NULL),
(98, 'Raya', 'pyati', 'raya', NULL, NULL, NULL, NULL, NULL, NULL, '', '', '', '', NULL, NULL, NULL, NULL, NULL, 'raya@gmail.com', 160, NULL, NULL, NULL, NULL, NULL, 1, 0, '', '2014-03-01 12:13:48', '2014-03-01 12:13:48', NULL, NULL),
(99, 'Vilas', 'Alagi', 'vvvvv', NULL, NULL, NULL, NULL, NULL, NULL, '', '', '', '', NULL, NULL, NULL, NULL, NULL, 'vilas@gmail.com', 161, NULL, NULL, NULL, NULL, NULL, 1, 0, '', '2014-03-01 12:17:46', '2014-03-01 12:17:46', NULL, NULL),
(107, 'attar', 'attar', 'attar', NULL, NULL, NULL, NULL, NULL, NULL, '', '', '', '', NULL, NULL, NULL, NULL, NULL, 'attar@gmail.com', 162, NULL, NULL, NULL, NULL, NULL, 1, 0, '', '2014-03-01 17:41:15', '2014-03-01 17:41:15', NULL, NULL),
(108, 'Umesh', 'Fulari', 'umesh', NULL, NULL, NULL, NULL, NULL, NULL, '', '', '', '', NULL, NULL, NULL, NULL, NULL, 'umesh@gmail.com', 163, NULL, NULL, NULL, NULL, NULL, 1, 0, '', '2014-03-03 10:41:28', '2014-03-03 10:41:28', NULL, NULL),
(109, 'Vilas', 'Alagi', 'vilas123', NULL, NULL, NULL, NULL, NULL, NULL, '', '', '', '', NULL, NULL, NULL, NULL, NULL, 'vilas@gmail.com', 164, NULL, NULL, NULL, NULL, NULL, 1, 0, '', '2014-03-03 13:36:41', '2014-03-03 13:36:41', NULL, NULL),
(110, 'Rakesh', 'Kalshetti', 'Rakesh123', '67a05e3822ce48a6386746388e6c81f5', NULL, NULL, NULL, NULL, NULL, '', '', '', '', NULL, NULL, NULL, NULL, NULL, 'rakesh@rediffmail.com', NULL, NULL, NULL, NULL, NULL, NULL, 1, 0, '', '2014-03-03 23:20:00', '2014-03-03 23:20:00', NULL, NULL),
(111, 'Rakesh', 'Kalshetti', 'Rakesh12', '67a05e3822ce48a6386746388e6c81f5', NULL, NULL, NULL, NULL, NULL, '', '', '', '', NULL, NULL, NULL, NULL, NULL, 'rakesh@rediffmail.com', NULL, NULL, NULL, NULL, NULL, NULL, 1, 0, '', '2014-03-03 23:20:30', '2014-03-03 23:20:30', NULL, NULL),
(112, 'Rakesh', 'Kalshetti', 'Rocky', '67a05e3822ce48a6386746388e6c81f5', NULL, NULL, NULL, NULL, NULL, '', '', '', '', NULL, NULL, NULL, NULL, NULL, 'rakesh@rediffmail.com', NULL, NULL, NULL, NULL, NULL, NULL, 1, 0, '', '2014-03-03 23:20:56', '2014-03-03 23:20:56', NULL, NULL),
(113, 'Rakesh', 'Kalshetti', 'seema', '67a05e3822ce48a6386746388e6c81f5', NULL, NULL, NULL, NULL, NULL, '', '', '', '', NULL, NULL, NULL, NULL, NULL, 'rakesh@rediffmail.com', NULL, NULL, NULL, NULL, NULL, NULL, 1, 0, '', '2014-03-03 23:23:15', '2014-03-03 23:23:15', NULL, NULL),
(114, 'Kavita', 'Kalshetti', 'Kavita', '903ce9225fca3e988c2af215d4e544d3', NULL, NULL, NULL, NULL, NULL, '', '', '', '', NULL, NULL, NULL, NULL, NULL, 'kavita@gmail.com', NULL, NULL, NULL, NULL, NULL, NULL, 1, 0, '', '2014-03-03 23:25:49', '2014-03-03 23:25:49', NULL, NULL),
(115, 'Popat', 'Kashid', 'popat', 'bbdd77baecf8d8220953e3512311c56e', NULL, NULL, NULL, NULL, NULL, '', '', '', '', NULL, NULL, NULL, NULL, NULL, 'popat@gmail.com', NULL, NULL, NULL, NULL, NULL, NULL, 1, 0, '', '2014-03-04 11:47:12', '2014-03-04 11:47:12', NULL, NULL),
(116, 'Pankaj', 'patil', 'pankaj', '95deb5011a8fe1ccf6552bb5bcda2ff0', NULL, NULL, NULL, NULL, NULL, '', '', '', '', NULL, NULL, NULL, NULL, NULL, 'pankaj@gmail.com', NULL, NULL, NULL, NULL, '2014-03-04 07:21:01', NULL, 1, 0, '::1', '2014-03-04 11:49:41', '2014-03-04 11:49:41', NULL, NULL),
(117, 'Pankaj', 'patil', 'pankaj', NULL, NULL, NULL, NULL, NULL, NULL, '', '', '', '', NULL, NULL, NULL, NULL, NULL, 'pankaj@gmail.com', 165, NULL, NULL, NULL, NULL, NULL, 1, 0, '', '2014-03-04 11:50:08', '2014-03-04 11:50:08', NULL, NULL),
(118, 'Bala', 'Masal', 'balaji', 'e75c1a66ae406db7d2f451b216b10664', NULL, NULL, NULL, NULL, NULL, '', '', '', '', NULL, NULL, NULL, NULL, NULL, 'bala@gmail.com', NULL, NULL, NULL, NULL, '2014-03-04 07:28:33', NULL, 1, 0, '::1', '2014-03-04 11:56:48', '2014-03-04 11:56:48', NULL, NULL),
(119, 'Bala', 'Masal', 'balaji', NULL, NULL, NULL, NULL, NULL, NULL, '', '', '', '', NULL, NULL, NULL, NULL, NULL, 'bala@gmail.com', 166, NULL, NULL, NULL, NULL, NULL, 1, 0, '', '2014-03-04 11:57:38', '2014-03-04 11:57:38', NULL, NULL),
(120, 'Sharad', 'Bhalekar', 'sharad', 'af7363820c5f5fd1f6433cddc3b5a7a8', NULL, NULL, NULL, NULL, NULL, '', '', '', '', NULL, NULL, NULL, NULL, NULL, 'sharad@gmail.com', NULL, NULL, NULL, NULL, '2014-03-04 10:00:25', NULL, 1, 0, '::1', '2014-03-04 12:01:28', '2014-03-04 12:01:28', NULL, NULL),
(121, 'deepa', 'Birajdar', 'deepa', '29987ce14a9c7b9137f616843eca049b', NULL, NULL, NULL, NULL, NULL, '', '', '', '', NULL, NULL, NULL, NULL, NULL, 'deepa@gmail.com', NULL, NULL, NULL, NULL, '2014-03-04 07:35:07', NULL, 1, 0, '::1', '2014-03-04 12:03:44', '2014-03-04 12:03:44', NULL, NULL),
(122, 'deepa', 'Birajdar', 'deepa', NULL, NULL, NULL, NULL, NULL, NULL, '', '', '', '', NULL, NULL, NULL, NULL, NULL, 'deepa@gmail.com', 167, NULL, NULL, NULL, NULL, NULL, 1, 0, '', '2014-03-04 12:04:01', '2014-03-04 12:04:01', NULL, NULL),
(123, 'Nitin', 'das', 'nitin', 'b585c4415b1fe50f2c31fa1698b271b7', NULL, NULL, NULL, NULL, NULL, '', '', '', '', NULL, NULL, NULL, NULL, NULL, 'nitin@gmail.com', NULL, NULL, NULL, NULL, NULL, NULL, 1, 0, '', '2014-03-04 12:11:44', '2014-03-04 12:11:44', NULL, NULL),
(124, 'Nitin', 'das', 'nitin', NULL, NULL, NULL, NULL, NULL, NULL, '', '', '', '', NULL, NULL, NULL, NULL, NULL, 'nitin@gmail.com', 168, NULL, NULL, NULL, NULL, NULL, 1, 0, '', '2014-03-04 12:11:55', '2014-03-04 12:11:55', NULL, NULL),
(125, 'Kiran', 'Alagi', 'kiran', 'b1a5b64256e27fa5ae76d62b95209ab3', NULL, NULL, NULL, NULL, NULL, '', '', '', '', NULL, NULL, NULL, NULL, 'male', 'kiran@gmail.com', NULL, NULL, NULL, NULL, '2014-03-04 08:14:06', NULL, 1, 0, '::1', '2014-03-04 12:40:53', '2014-03-04 12:40:53', NULL, NULL),
(126, 'Kiran', 'Alagi', 'kiran', NULL, NULL, NULL, NULL, NULL, NULL, '', '', '', '', NULL, NULL, NULL, NULL, 'male', 'kiran@gmail.com', 169, NULL, NULL, NULL, NULL, NULL, 1, 0, '', '2014-03-04 12:41:05', '2014-03-04 12:41:05', NULL, NULL),
(127, NULL, NULL, NULL, NULL, NULL, NULL, NULL, NULL, NULL, '', '', '', '', NULL, NULL, NULL, NULL, NULL, NULL, NULL, NULL, NULL, NULL, NULL, NULL, 1, 0, '', NULL, NULL, NULL, NULL),
(128, 'Nilesh', 'Bhore', 'nilesh', '5c5a4bf04d39cc8905f350b352a4dbd0', NULL, NULL, NULL, NULL, NULL, '', '', '', '', NULL, NULL, NULL, NULL, 'male', 'nilesh@gmail.com', NULL, NULL, NULL, NULL, '2014-03-04 13:41:45', NULL, 1, 0, '::1', '2014-03-04 18:10:59', '2014-03-04 18:10:59', NULL, NULL),
(129, 'Nilesh', 'Bhore', 'nilesh', NULL, NULL, NULL, NULL, NULL, NULL, '', '', '', '', NULL, NULL, NULL, NULL, 'male', 'nilesh@gmail.com', 170, NULL, NULL, NULL, NULL, NULL, 1, 0, '', '2014-03-04 18:11:09', '2014-03-04 18:11:09', NULL, NULL),
(130, 'Demo', 'demo', 'demo', 'fe01ce2a7fbac8fafaed7c982a04e229', NULL, NULL, NULL, NULL, NULL, '', '', '', '', NULL, NULL, NULL, NULL, '', 'demo@gmail.com', NULL, NULL, NULL, NULL, NULL, NULL, 1, 0, '', '2014-03-04 18:26:09', '2014-03-04 18:26:09', NULL, NULL),
(131, 'Demo', 'demo', 'demo', 'fe01ce2a7fbac8fafaed7c982a04e229', NULL, NULL, NULL, NULL, NULL, '', '', '', '', NULL, NULL, NULL, NULL, '', 'demo@gmail.com', 171, NULL, NULL, NULL, NULL, NULL, 1, 0, '', '2014-03-04 18:26:22', '2014-03-04 18:26:22', NULL, NULL),
(132, 'Laptop', 'dell', 'laptop', '312f91285e048e09bb4aefef23627994', NULL, NULL, NULL, NULL, NULL, '', '', '', '', NULL, NULL, NULL, NULL, '', 'laptop@gmail.com', NULL, NULL, NULL, NULL, '2014-03-04 13:59:25', NULL, 1, 0, '::1', '2014-03-04 18:28:25', '2014-03-04 18:28:25', NULL, NULL),
(133, 'Laptop', 'dell', 'laptop', '312f91285e048e09bb4aefef23627994', NULL, NULL, NULL, NULL, NULL, '', '', '', '', NULL, NULL, NULL, NULL, '', 'laptop@gmail.com', 172, NULL, NULL, NULL, NULL, NULL, 1, 0, '', '2014-03-04 18:28:47', '2014-03-04 18:28:47', NULL, NULL),
(140, 'ssadhas', 'sahs', 'sadsadh', 'd8c0a994e77f11dab0d4a8ff91ce9199', NULL, NULL, NULL, NULL, NULL, '', '', '', '', NULL, NULL, NULL, NULL, '', 'ssahs@gmail.com', NULL, NULL, NULL, NULL, NULL, NULL, 1, 0, '', '2014-03-04 18:53:17', '2014-03-04 18:53:17', NULL, NULL),
(141, 'ssadhas', 'sahs', 'sadsadh', NULL, NULL, NULL, NULL, NULL, NULL, '', '', '', '', NULL, NULL, NULL, NULL, '', 'ssahs@gmail.com', 174, NULL, NULL, NULL, NULL, NULL, 1, 0, '', '2014-03-04 18:53:22', '2014-03-04 18:53:22', NULL, NULL),
(142, 'Malan', 'jadhav', 'Malan', '004a7ba1bf4dee1e44812ed0d696c6a1', NULL, NULL, NULL, NULL, NULL, '', '', '', '', NULL, NULL, NULL, NULL, 'female', 'maln@gmail.com', NULL, NULL, NULL, NULL, NULL, NULL, 1, 0, '', '2014-03-04 18:55:41', '2014-03-04 18:55:41', NULL, NULL),
(143, 'Malan', 'jadhav', 'Malan', NULL, NULL, NULL, NULL, NULL, NULL, '', '', '', '', NULL, NULL, NULL, NULL, 'female', 'maln@gmail.com', 175, NULL, NULL, NULL, NULL, NULL, 1, 0, '', '2014-03-04 18:55:46', '2014-03-04 18:55:46', NULL, NULL),
(144, 'Rohidas', 'Jadhav', 'rohit', '2d235ace000a3ad85f590e321c89bb99', NULL, NULL, NULL, NULL, NULL, '', '', '', '', NULL, NULL, NULL, NULL, 'male', 'rohit@gmail.com', NULL, NULL, NULL, NULL, NULL, NULL, 1, 0, '', '2014-03-04 18:57:52', '2014-03-04 18:57:52', NULL, NULL),
(145, 'Rohidas', 'Jadhav', 'rohit', NULL, NULL, NULL, NULL, NULL, NULL, '', '', '', '', NULL, NULL, NULL, NULL, 'male', 'rohit@gmail.com', 176, NULL, NULL, NULL, NULL, NULL, 1, 0, '', '2014-03-04 18:57:58', '2014-03-04 18:57:58', NULL, NULL),
(148, 'Virat', 'kihli', 'virat', '5a39fe36ce9aa092ffe8faa0eaedd5da', NULL, NULL, NULL, NULL, NULL, '', '', '', '', NULL, NULL, NULL, NULL, 'male', 'virat@gmail.com', NULL, NULL, NULL, NULL, NULL, NULL, 1, 0, '', '2014-03-04 19:14:42', '2014-03-04 19:14:42', NULL, NULL),
(149, 'Virat', 'kihli', 'virat', NULL, NULL, NULL, NULL, NULL, NULL, '', '', '', '', NULL, NULL, NULL, NULL, 'male', 'virat@gmail.com', 177, NULL, NULL, NULL, NULL, NULL, 1, 0, '', '2014-03-04 19:14:46', '2014-03-04 19:14:46', NULL, NULL),
(154, 'user', 'user', 'user', '5f4dcc3b5aa765d61d8327deb882cf99', NULL, NULL, NULL, NULL, NULL, '', '', '', '', NULL, NULL, NULL, NULL, 'male', 'user@gmail.com', 178, NULL, NULL, NULL, NULL, NULL, 1, 0, '', '2014-03-04 19:21:23', '2014-03-04 19:21:23', NULL, NULL),
(156, 'user', 'user', 'user', '5f4dcc3b5aa765d61d8327deb882cf99', NULL, NULL, NULL, NULL, NULL, '', '', '', '', NULL, NULL, NULL, NULL, 'male', 'user@gmail.com', 179, NULL, NULL, NULL, NULL, NULL, 1, 0, '', '2014-03-04 19:23:41', '2014-03-04 19:23:41', NULL, NULL),
(157, 'akki', 'akki', 'aksha', 'c769d3c6031b7943b46bf198a29057d2', NULL, NULL, NULL, NULL, NULL, '', '', '', '', NULL, NULL, NULL, NULL, 'male', 'akki@gmail.com', NULL, NULL, NULL, NULL, NULL, NULL, 1, 0, '', '2014-03-04 19:27:51', '2014-03-04 19:27:51', NULL, NULL),
(158, 'akki', 'akki', 'aksha', 'c769d3c6031b7943b46bf198a29057d2', NULL, NULL, NULL, NULL, NULL, '', '', '', '', NULL, NULL, NULL, NULL, 'male', 'akki@gmail.com', 180, NULL, NULL, NULL, NULL, NULL, 1, 0, '', '2014-03-04 19:28:05', '2014-03-04 19:28:05', NULL, NULL),
(159, 'akku', 'akku', 'akku', '5fb825113c191f59bc655e50466a70f2', NULL, NULL, NULL, NULL, NULL, '', '', '', '', NULL, NULL, NULL, NULL, 'male', 'akku@gmail.com', NULL, NULL, NULL, NULL, NULL, NULL, 1, 0, '', '2014-03-04 19:29:57', '2014-03-04 19:29:57', NULL, NULL),
(160, 'akku', 'akku', 'akku', '5fb825113c191f59bc655e50466a70f2', NULL, NULL, NULL, NULL, NULL, '', '', '', '', NULL, NULL, NULL, NULL, 'male', 'akku@gmail.com', 181, NULL, NULL, NULL, NULL, NULL, 1, 0, '', '2014-03-04 19:30:03', '2014-03-04 19:30:03', NULL, NULL),
(161, 'akku', 'akku', 'akku', 'fa7f08233358e9b466effa1328168527', NULL, NULL, NULL, NULL, NULL, '', '', '', '', NULL, NULL, NULL, NULL, 'male', 'akku@gmail.com', NULL, NULL, NULL, NULL, NULL, NULL, 1, 0, '', '2014-03-04 19:31:18', '2014-03-04 19:31:18', NULL, NULL),
(162, 'akku', 'akku', 'kkkk', 'fa7f08233358e9b466effa1328168527', NULL, NULL, NULL, NULL, NULL, '', '', '', '', NULL, NULL, NULL, NULL, 'male', 'akku@gmail.com', NULL, NULL, NULL, NULL, NULL, NULL, 1, 0, '', '2014-03-04 19:31:19', '2014-03-04 19:31:19', NULL, NULL),
(163, 'akku', 'akku', 'kkkk', 'fa7f08233358e9b466effa1328168527', NULL, NULL, NULL, NULL, NULL, '', '', '', '', NULL, NULL, NULL, NULL, 'male', 'akku@gmail.com', 182, NULL, NULL, NULL, NULL, NULL, 1, 0, '', '2014-03-04 19:31:33', '2014-03-04 19:31:33', NULL, NULL),
(166, 'joah', 'joah', 'joah', 'f8b1dd44c86eee30c1968634c5c52f3a', NULL, NULL, NULL, NULL, NULL, '', '', '', '', NULL, NULL, NULL, NULL, '', 'joah@gmail.com', 184, NULL, NULL, NULL, NULL, NULL, 1, 0, '', '2014-03-04 19:34:42', '2014-03-04 19:34:42', NULL, NULL),
(167, 'Shahid', 'kapur', 'shahid', 'f3224d90c778d5e456b49c75f85dd668', NULL, NULL, NULL, NULL, NULL, '', '', '', '', NULL, NULL, NULL, NULL, 'male', 'shahid@gmail.com', NULL, NULL, NULL, NULL, NULL, NULL, 1, 0, '', '2014-03-04 19:36:24', '2014-03-04 19:36:24', NULL, NULL),
(168, 'Shahid', 'kapur', 'shahid', 'f3224d90c778d5e456b49c75f85dd668', NULL, NULL, NULL, NULL, NULL, '', '', '', '', NULL, NULL, NULL, NULL, 'male', 'shahid@gmail.com', 185, NULL, NULL, NULL, NULL, NULL, 1, 0, '', '2014-03-04 19:36:38', '2014-03-04 19:36:38', NULL, NULL),
(169, 'aslu', 'aslu', 'aslu', '44975419270ce98a3422b72396d8f42e', NULL, NULL, NULL, NULL, NULL, '', '', '', '', NULL, NULL, NULL, NULL, '', 'aslu@gmail.com', NULL, NULL, NULL, NULL, NULL, NULL, 1, 0, '', '2014-03-04 19:37:54', '2014-03-04 19:37:54', NULL, NULL),
(170, 'aslu', 'aslu', 'aslu', '44975419270ce98a3422b72396d8f42e', NULL, NULL, NULL, NULL, NULL, '', '', '', '', NULL, NULL, NULL, NULL, 'male', 'aslu@gmail.com', 186, NULL, NULL, NULL, NULL, NULL, 1, 0, '', '2014-03-04 19:38:06', '2014-03-04 19:38:06', NULL, NULL),
(171, 'slslls', 'slsll', 'lalalal', 'fbea1c9b4e69c4d1e2a61ce38bf6c165', NULL, NULL, NULL, NULL, NULL, '', '', '', '', NULL, NULL, NULL, NULL, '', 'allal@gmail.com', NULL, NULL, NULL, NULL, NULL, NULL, 1, 0, '', '2014-03-04 19:40:12', '2014-03-04 19:40:12', NULL, NULL),
(172, 'slslls', 'slsll', 'lalalal', 'fbea1c9b4e69c4d1e2a61ce38bf6c165', NULL, NULL, NULL, NULL, NULL, '', '', '', '', NULL, NULL, NULL, NULL, '', 'allal@gmail.com', 187, NULL, NULL, NULL, NULL, NULL, 1, 0, '', '2014-03-04 19:40:18', '2014-03-04 19:40:18', NULL, NULL),
(175, 'asdlkfj', 'asdlkj', 'adslkj', NULL, NULL, NULL, NULL, NULL, NULL, '', '', '', '', NULL, NULL, NULL, NULL, '', 'sdlkj@gmail.com', 188, NULL, NULL, NULL, NULL, NULL, 1, 0, '', '2014-03-04 19:45:08', '2014-03-04 19:45:08', NULL, NULL),
(176, 'asdlkfj', 'asdlkj', 'adslkj', '6d3e8ae57cccaf41f9ea71dbcd32af04', NULL, NULL, NULL, NULL, NULL, '', '', '', '', NULL, NULL, NULL, NULL, '', 'sdlkj@gmail.com', 189, NULL, NULL, NULL, NULL, NULL, 1, 0, '', '2014-03-04 19:46:40', '2014-03-04 19:46:40', NULL, NULL),
(177, 'asdlkfj', 'asdlkj', 'adslkj', '6d3e8ae57cccaf41f9ea71dbcd32af04', NULL, NULL, NULL, NULL, NULL, '', '', '', '', NULL, NULL, NULL, NULL, '', 'sdlkj@gmail.com', 190, NULL, NULL, NULL, NULL, NULL, 1, 0, '', '2014-03-04 19:47:02', '2014-03-04 19:47:02', NULL, NULL),
(178, 'vill', 'vill', 'villl', 'c72edfc850671c7cf616aa4eb910603f', NULL, NULL, NULL, NULL, NULL, '', '', '', '', NULL, NULL, NULL, NULL, '', 'vill@gmail.com', NULL, NULL, NULL, NULL, NULL, NULL, 1, 0, '', '2014-03-04 19:47:47', '2014-03-04 19:47:47', NULL, NULL),
(179, 'vill', 'vill', 'villl', 'c72edfc850671c7cf616aa4eb910603f', NULL, NULL, NULL, NULL, NULL, '', '', '', '', NULL, NULL, NULL, NULL, '', 'vill@gmail.com', 191, NULL, NULL, NULL, NULL, NULL, 1, 0, '', '2014-03-04 19:47:53', '2014-03-04 19:47:53', NULL, NULL),
(180, 'will', 'will', 'will', '18218139eec55d83cf82679934e5cd75', NULL, NULL, NULL, NULL, NULL, '', '', '', '', NULL, NULL, NULL, NULL, '', 'will@gmail.com', NULL, NULL, NULL, NULL, NULL, NULL, 1, 0, '', '2014-03-04 19:49:14', '2014-03-04 19:49:14', NULL, NULL),
(183, 'mahesh', 'birajdar', 'mahesh', '49bb197bec17b7d20b2df6b1f3c3434a', NULL, NULL, NULL, NULL, NULL, '', '', '', '', NULL, NULL, NULL, NULL, 'male', 'mahesh@gmail.com', NULL, NULL, NULL, NULL, '2014-03-04 15:38:47', NULL, 1, 0, '::1', '2014-03-04 20:08:03', '2014-03-04 20:08:03', NULL, NULL),
(184, '', '', 'mahi', '', NULL, NULL, NULL, NULL, NULL, '', '', '', '', NULL, NULL, NULL, NULL, '', '', NULL, NULL, NULL, NULL, NULL, NULL, 1, 0, '', '2014-03-04 20:14:24', '2014-03-04 20:14:24', NULL, NULL),
(185, '', '', 'rakhi', '', NULL, NULL, NULL, NULL, NULL, '', '', '', '', NULL, NULL, NULL, NULL, '', '', NULL, NULL, NULL, NULL, NULL, NULL, 1, 0, '', '2014-03-04 20:15:50', '2014-03-04 20:15:50', NULL, NULL),
(186, '', '', 'rakhi', 'rakhi', NULL, NULL, NULL, NULL, NULL, '', '', '', '', NULL, NULL, NULL, NULL, '', '', NULL, NULL, NULL, NULL, NULL, NULL, 1, 0, '', '2014-03-04 20:15:54', '2014-03-04 20:15:54', NULL, NULL),
(187, 'Rakhi', '', 'rakhi', 'rakhi', NULL, NULL, NULL, NULL, NULL, '', '', '', '', NULL, NULL, NULL, NULL, '', '', NULL, NULL, NULL, NULL, NULL, NULL, 1, 0, '', '2014-03-04 20:15:59', '2014-03-04 20:15:59', NULL, NULL),
(188, 'Rakhi', 'savanth', 'rakhi', 'rakhi', NULL, NULL, NULL, NULL, NULL, '', '', '', '', NULL, NULL, NULL, NULL, '', '', NULL, NULL, NULL, NULL, NULL, NULL, 1, 0, '', '2014-03-04 20:16:03', '2014-03-04 20:16:03', NULL, NULL),
(189, 'Rakhi', 'savanth', 'rakhi', 'rakhi', NULL, NULL, NULL, NULL, NULL, '', '', '', '', NULL, NULL, NULL, NULL, 'female', '', NULL, NULL, NULL, NULL, NULL, NULL, 1, 0, '', '2014-03-04 20:16:07', '2014-03-04 20:16:07', NULL, NULL),
(190, 'Rakhi', 'savanth', 'rakhi', 'rakhi', NULL, NULL, NULL, NULL, NULL, '', '', '', '', NULL, NULL, NULL, NULL, 'female', 'rakhi@gmail.com', NULL, NULL, NULL, NULL, NULL, NULL, 1, 0, '', '2014-03-04 20:16:21', '2014-03-04 20:16:21', NULL, NULL),
(191, 'Rakhi', 'savanth', 'rakhi', NULL, NULL, NULL, NULL, NULL, NULL, '', '', '', '', NULL, NULL, NULL, NULL, 'female', 'rakhi@gmail.com', 193, NULL, NULL, NULL, NULL, NULL, 1, 0, '', '2014-03-04 20:16:28', '2014-03-04 20:16:28', NULL, NULL),
(192, '', '', 'renuka', 'd41d8cd98f00b204e9800998ecf8427e', NULL, NULL, NULL, NULL, NULL, '', '', '', '', NULL, NULL, NULL, NULL, '', '', NULL, NULL, NULL, NULL, NULL, NULL, 1, 0, '', '2014-03-04 20:19:15', '2014-03-04 20:19:15', NULL, NULL),
(193, '', '', 'renuka', '18bef42857abd5eef4358facd37bc22b', NULL, NULL, NULL, NULL, NULL, '', '', '', '', NULL, NULL, NULL, NULL, '', '', NULL, NULL, NULL, NULL, NULL, NULL, 1, 0, '', '2014-03-04 20:19:18', '2014-03-04 20:19:18', NULL, NULL),
(194, 'Renuka', '', 'renuka', '18bef42857abd5eef4358facd37bc22b', NULL, NULL, NULL, NULL, NULL, '', '', '', '', NULL, NULL, NULL, NULL, '', '', NULL, NULL, NULL, NULL, NULL, NULL, 1, 0, '', '2014-03-04 20:19:21', '2014-03-04 20:19:21', NULL, NULL),
(195, 'Renuka', 'birajdar', 'renuka', '18bef42857abd5eef4358facd37bc22b', NULL, NULL, NULL, NULL, NULL, '', '', '', '', NULL, NULL, NULL, NULL, '', '', NULL, NULL, NULL, NULL, NULL, NULL, 1, 0, '', '2014-03-04 20:19:25', '2014-03-04 20:19:25', NULL, NULL),
(196, 'Renuka', 'birajdar', 'renuka', '18bef42857abd5eef4358facd37bc22b', NULL, NULL, NULL, NULL, NULL, '', '', '', '', NULL, NULL, NULL, NULL, 'female', '', NULL, NULL, NULL, NULL, NULL, NULL, 1, 0, '', '2014-03-04 20:19:28', '2014-03-04 20:19:28', NULL, NULL),
(197, 'Renuka', 'birajdar', 'renuka', '18bef42857abd5eef4358facd37bc22b', NULL, NULL, NULL, NULL, NULL, '', '', '', '', NULL, NULL, NULL, NULL, 'female', 'renuka@gmail.com', NULL, NULL, NULL, NULL, NULL, NULL, 1, 0, '', '2014-03-04 20:19:38', '2014-03-04 20:19:38', NULL, NULL),
(198, 'Renuka', 'birajdar', 'renuka', NULL, NULL, NULL, NULL, NULL, NULL, '', '', '', '', NULL, NULL, NULL, NULL, 'female', 'renuka@gmail.com', 194, NULL, NULL, NULL, NULL, NULL, 1, 0, '', '2014-03-04 20:19:44', '2014-03-04 20:19:44', NULL, NULL),
(199, '', '', 'amitab', 'd41d8cd98f00b204e9800998ecf8427e', NULL, NULL, NULL, NULL, NULL, '', '', '', '', NULL, NULL, NULL, NULL, '', '', NULL, NULL, NULL, NULL, NULL, NULL, 1, 0, '', '2014-03-04 20:20:43', '2014-03-04 20:20:43', NULL, NULL),
(200, '', '', 'amitab', '827ccb0eea8a706c4c34a16891f84e7b', NULL, NULL, NULL, NULL, NULL, '', '', '', '', NULL, NULL, NULL, NULL, '', '', NULL, NULL, NULL, NULL, NULL, NULL, 1, 0, '', '2014-03-04 20:20:46', '2014-03-04 20:20:46', NULL, NULL),
(201, 'amitab', '', 'amitab', '827ccb0eea8a706c4c34a16891f84e7b', NULL, NULL, NULL, NULL, NULL, '', '', '', '', NULL, NULL, NULL, NULL, '', '', NULL, NULL, NULL, NULL, NULL, NULL, 1, 0, '', '2014-03-04 20:20:49', '2014-03-04 20:20:49', NULL, NULL),
(202, 'amitab', 'bacchan', 'amitab', '827ccb0eea8a706c4c34a16891f84e7b', NULL, NULL, NULL, NULL, NULL, '', '', '', '', NULL, NULL, NULL, NULL, '', '', NULL, NULL, NULL, NULL, NULL, NULL, 1, 0, '', '2014-03-04 20:20:52', '2014-03-04 20:20:52', NULL, NULL),
(203, 'amitab', 'bacchan', 'amitab', '827ccb0eea8a706c4c34a16891f84e7b', NULL, NULL, NULL, NULL, NULL, '', '', '', '', NULL, NULL, NULL, NULL, 'male', '', NULL, NULL, NULL, NULL, NULL, NULL, 1, 0, '', '2014-03-04 20:20:56', '2014-03-04 20:20:56', NULL, NULL),
(204, 'amitab', 'bacchan', 'amitab', '827ccb0eea8a706c4c34a16891f84e7b', NULL, NULL, NULL, NULL, NULL, '', '', '', '', NULL, NULL, NULL, NULL, 'male', 'mmmm@gmail.com', NULL, NULL, NULL, NULL, NULL, NULL, 1, 0, '', '2014-03-04 20:21:02', '2014-03-04 20:21:02', NULL, NULL),
(205, 'amitab', 'bacchan', 'amitab', NULL, NULL, NULL, NULL, NULL, NULL, '', '', '', '', NULL, NULL, NULL, NULL, 'male', 'mmmm@gmail.com', 195, NULL, NULL, NULL, NULL, NULL, 1, 0, '', '2014-03-04 20:21:10', '2014-03-04 20:21:10', NULL, NULL),
(206, '', '', '', '', NULL, NULL, NULL, NULL, NULL, '', '', '', '', NULL, NULL, NULL, NULL, '', '', NULL, NULL, NULL, NULL, NULL, NULL, 1, 0, '', '2014-03-04 20:22:07', '2014-03-04 20:22:07', NULL, NULL),
(207, '', '', 'eshan', '', NULL, NULL, NULL, NULL, NULL, '', '', '', '', NULL, NULL, NULL, NULL, '', '', NULL, NULL, NULL, NULL, NULL, NULL, 1, 0, '', '2014-03-04 20:22:11', '2014-03-04 20:22:11', NULL, NULL),
(208, '', '', 'eshan', 'eshan', NULL, NULL, NULL, NULL, NULL, '', '', '', '', NULL, NULL, NULL, NULL, '', '', NULL, NULL, NULL, NULL, NULL, NULL, 1, 0, '', '2014-03-04 20:22:12', '2014-03-04 20:22:12', NULL, NULL),
(209, 'eahsn', '', 'eshan', 'eshan', NULL, NULL, NULL, NULL, NULL, '', '', '', '', NULL, NULL, NULL, NULL, '', '', NULL, NULL, NULL, NULL, NULL, NULL, 1, 0, '', '2014-03-04 20:22:14', '2014-03-04 20:22:14', NULL, NULL),
(210, 'eahsn', 'eshan', 'eshan', 'eshan', NULL, NULL, NULL, NULL, NULL, '', '', '', '', NULL, NULL, NULL, NULL, '', '', NULL, NULL, NULL, NULL, NULL, NULL, 1, 0, '', '2014-03-04 20:22:15', '2014-03-04 20:22:15', NULL, NULL),
(211, 'eahsn', 'eshan', 'eshan', 'eshan', NULL, NULL, NULL, NULL, NULL, '', '', '', '', NULL, NULL, NULL, NULL, '', '', NULL, NULL, NULL, NULL, NULL, NULL, 1, 0, '', '2014-03-04 20:22:16', '2014-03-04 20:22:16', NULL, NULL),
(212, 'eahsn', 'eshan', 'eshan', 'eshan', NULL, NULL, NULL, NULL, NULL, '', '', '', '', NULL, NULL, NULL, NULL, '', 'eshan@gmail.com', NULL, NULL, NULL, NULL, NULL, NULL, 1, 0, '', '2014-03-04 20:22:22', '2014-03-04 20:22:22', NULL, NULL),
(213, 'eahsn', 'eshan', 'eshan', NULL, NULL, NULL, NULL, NULL, NULL, '', '', '', '', NULL, NULL, NULL, NULL, '', 'eshan@gmail.com', 196, NULL, NULL, NULL, NULL, NULL, 1, 0, '', '2014-03-04 20:22:27', '2014-03-04 20:22:27', NULL, NULL),
(214, 'jjj', 'jjj', 'jjjj', 'jjj', NULL, NULL, NULL, NULL, NULL, '', '', '', '', NULL, NULL, NULL, NULL, '', 'jjj@gmail.com', NULL, NULL, NULL, NULL, NULL, NULL, 1, 0, '', '2014-03-04 20:32:47', '2014-03-04 20:32:47', NULL, NULL),
(215, 'jjj', 'jjj', 'eee', 'jjj', NULL, NULL, NULL, NULL, NULL, '', '', '', '', NULL, NULL, NULL, NULL, '', 'jjj@gmail.com', NULL, NULL, NULL, NULL, NULL, NULL, 1, 0, '', '2014-03-04 20:38:48', '2014-03-04 20:38:48', NULL, NULL),
(216, 'Vinu', 'biru', 'vinayak', 'vinayak', NULL, NULL, NULL, NULL, NULL, '', '', '', '', NULL, NULL, NULL, NULL, 'male', 'vinu@gmail.com', NULL, NULL, NULL, NULL, NULL, NULL, 1, 0, '', '2014-03-05 12:18:38', '2014-03-05 12:18:38', NULL, NULL),
(217, 'Minakshi', 'Birajdar', 'mina', 'mina', NULL, NULL, NULL, NULL, NULL, '', '', '', '', NULL, NULL, NULL, NULL, 'female', 'mina@gmail.com', NULL, NULL, NULL, NULL, NULL, NULL, 1, 0, '', '2014-03-05 12:20:49', '2014-03-05 12:20:49', NULL, NULL),
(218, 'Minakshi', 'Birajdar', 'mina', NULL, NULL, NULL, NULL, NULL, NULL, '', '', '', '', NULL, NULL, NULL, NULL, 'female', 'mina@gmail.com', 197, NULL, NULL, NULL, NULL, NULL, 1, 0, '', '2014-03-05 12:20:54', '2014-03-05 12:20:54', NULL, NULL),
(219, 'Vivekand', 'birajdar', 'viku', 'viku', NULL, NULL, NULL, NULL, NULL, '', '', '', '', NULL, NULL, NULL, NULL, 'male', 'viku@gmail.com', NULL, NULL, NULL, NULL, NULL, NULL, 1, 0, '', '2014-03-05 12:23:17', '2014-03-05 12:23:17', NULL, NULL),
(220, 'Abdul', 'Maniyar', 'abdul', 'abdul', NULL, NULL, NULL, NULL, NULL, '', '', '', '', NULL, NULL, NULL, NULL, 'male', 'abdul@gmail.com', NULL, NULL, NULL, NULL, NULL, NULL, 1, 0, '', '2014-03-05 12:44:36', '2014-03-05 12:44:36', NULL, NULL),
(221, 'pramod', 'pyati', 'pramod', 'pramod', NULL, NULL, NULL, NULL, NULL, '', '', '', '', NULL, NULL, NULL, NULL, 'male', 'pramod@gmail.com', NULL, NULL, NULL, NULL, NULL, NULL, 1, 0, '', '2014-03-05 12:49:10', '2014-03-05 12:49:10', NULL, NULL),
(222, 'pramod', 'pyati', 'pramod', NULL, NULL, NULL, NULL, NULL, NULL, '', '', '', '', NULL, NULL, NULL, NULL, 'male', 'pramod@gmail.com', 198, NULL, NULL, NULL, NULL, NULL, 1, 0, '', '2014-03-05 12:49:17', '2014-03-05 12:49:17', NULL, NULL),
(223, 'Bhima', 'Birajdar', 'Gaudya', 'gaudya', NULL, NULL, NULL, NULL, NULL, '', '', '', '', NULL, NULL, NULL, NULL, 'male', 'bhima@gmail.com', NULL, NULL, NULL, NULL, NULL, NULL, 1, 0, '', '2014-03-05 12:54:31', '2014-03-05 12:54:31', NULL, NULL),
(224, 'Bhima', 'Birajdar', 'Gaudya', NULL, NULL, NULL, NULL, NULL, NULL, '', '', '', '', NULL, NULL, NULL, NULL, 'male', 'bhima@gmail.com', 199, NULL, NULL, NULL, NULL, NULL, 1, 0, '', '2014-03-05 12:54:43', '2014-03-05 12:54:43', NULL, NULL),
(228, '', '', 'aai', '', NULL, NULL, NULL, NULL, NULL, '', '', '', '', NULL, NULL, NULL, NULL, '', '', NULL, NULL, NULL, NULL, NULL, NULL, 1, 0, '', '2014-03-05 13:12:28', '2014-03-05 13:12:28', NULL, NULL),
(229, '', '', 'dada', '', NULL, NULL, NULL, NULL, NULL, '', '', '', '', NULL, NULL, NULL, NULL, '', '', NULL, NULL, NULL, NULL, NULL, NULL, 1, 0, '', '2014-03-05 13:14:09', '2014-03-05 13:14:09', NULL, NULL),
(230, '', '', 'ganesh', '', NULL, NULL, NULL, NULL, NULL, '', '', '', '', NULL, NULL, NULL, NULL, '', '', NULL, NULL, NULL, NULL, NULL, NULL, 1, 0, '', '2014-03-05 13:16:36', '2014-03-05 13:16:36', NULL, NULL),
(231, 'Ganesh', 'Patil', 'anil', 'ganesh', NULL, NULL, NULL, NULL, NULL, '', '', '', '', NULL, NULL, NULL, NULL, 'male', 'ganesh@gmail.com', NULL, NULL, NULL, NULL, NULL, NULL, 1, 0, '', '2014-03-05 13:17:50', '2014-03-05 13:17:50', NULL, NULL),
(232, '', '', 'rushi', '', NULL, NULL, NULL, NULL, NULL, '', '', '', '', NULL, NULL, NULL, NULL, '', '', NULL, NULL, NULL, NULL, NULL, NULL, 1, 0, '', '2014-03-05 13:26:23', '2014-03-05 13:26:23', NULL, NULL),
(233, '', '', '', '', NULL, NULL, NULL, NULL, NULL, '', '', '', '', NULL, NULL, NULL, NULL, '', '', NULL, NULL, NULL, NULL, NULL, NULL, 1, 0, '', '2014-03-05 13:27:59', '2014-03-05 13:27:59', NULL, NULL),
(234, '', '', '', '', NULL, NULL, NULL, NULL, NULL, '', '', '', '', NULL, NULL, NULL, NULL, '', '', NULL, NULL, NULL, NULL, NULL, NULL, 1, 0, '', '2014-03-05 13:29:47', '2014-03-05 13:29:47', NULL, NULL),
(235, '', '', '', '', NULL, NULL, NULL, NULL, NULL, '', '', '', '', NULL, NULL, NULL, NULL, '', '', NULL, NULL, NULL, NULL, NULL, NULL, 1, 0, '', '2014-03-05 13:31:16', '2014-03-05 13:31:16', NULL, NULL),
(236, '', '', 'khajamin', '', NULL, NULL, NULL, NULL, NULL, '', '', '', '', NULL, NULL, NULL, NULL, '', '', NULL, NULL, NULL, NULL, NULL, NULL, 1, 0, '', '2014-03-05 13:33:19', '2014-03-05 13:33:19', NULL, NULL),
(237, 'khajamin', 'attar', 'dipak', '12345', NULL, NULL, NULL, NULL, NULL, '', '', '', '', NULL, NULL, NULL, NULL, 'male', 'khajamin@gmail.com', NULL, NULL, NULL, NULL, NULL, NULL, 1, 0, '', '2014-03-05 13:34:34', '2014-03-05 13:34:34', NULL, NULL),
(238, 'khajamin', 'attar', 'raja', '12345', NULL, NULL, NULL, NULL, NULL, '', '', '', '', NULL, NULL, NULL, NULL, 'male', 'khajamin@gmail.com', NULL, NULL, NULL, NULL, NULL, NULL, 1, 0, '', '2014-03-05 13:34:56', '2014-03-05 13:34:56', NULL, NULL),
(239, '', '', 'aakash', '', NULL, NULL, NULL, NULL, NULL, '', '', '', '', NULL, NULL, NULL, NULL, '', '', NULL, NULL, NULL, NULL, NULL, NULL, 1, 0, '', '2014-03-05 13:39:06', '2014-03-05 13:39:06', NULL, NULL),
(240, 'Akash', 'birajdar', 'ajit', '12345', NULL, NULL, NULL, NULL, NULL, '', '', '', '', NULL, NULL, NULL, NULL, 'male', 'aakash@gmail.com', NULL, NULL, NULL, NULL, NULL, NULL, 1, 0, '', '2014-03-05 13:39:54', '2014-03-05 13:39:54', NULL, NULL),
(241, 'Akash', 'birajdar', 'somu', '12345', NULL, NULL, NULL, NULL, NULL, '', '', '', '', NULL, NULL, NULL, NULL, 'male', 'aakash@gmail.com', NULL, NULL, NULL, NULL, NULL, NULL, 1, 0, '', '2014-03-05 13:40:15', '2014-03-05 13:40:15', NULL, NULL),
(242, 'Akash', 'birajdar', 'somnath', '12345', NULL, NULL, NULL, NULL, NULL, '', '', '', '', NULL, NULL, NULL, NULL, 'male', 'aakash@gmail.com', NULL, NULL, NULL, NULL, NULL, NULL, 1, 0, '', '2014-03-05 13:40:36', '2014-03-05 13:40:36', NULL, NULL),
(243, 'Akash', 'birajdar', 'denies', '12345', NULL, NULL, NULL, NULL, NULL, '', '', '', '', NULL, NULL, NULL, NULL, 'male', 'aakash@gmail.com', NULL, NULL, NULL, NULL, NULL, NULL, 1, 0, '', '2014-03-05 13:43:40', '2014-03-05 13:43:40', NULL, NULL),
(244, 'Akash', 'birajdar', 'denies', '12345', NULL, NULL, NULL, NULL, NULL, '', '', '', '', NULL, NULL, NULL, NULL, 'male', 'aakash@gmail.com', NULL, NULL, NULL, NULL, NULL, NULL, 1, 0, '', '2014-03-05 13:43:46', '2014-03-05 13:43:46', NULL, NULL),
(245, 'Akash', 'birajdar', 'denies', '12345', NULL, NULL, NULL, NULL, NULL, '', '', '', '', NULL, NULL, NULL, NULL, 'male', 'aakash@gmail.com', NULL, NULL, NULL, NULL, NULL, NULL, 1, 0, '', '2014-03-05 13:43:50', '2014-03-05 13:43:50', NULL, NULL),
(246, 'Denies', 'obama', 'denies', '12345', NULL, NULL, NULL, NULL, NULL, '', '', '', '', NULL, NULL, NULL, NULL, 'male', 'denies@gmail.com', NULL, NULL, NULL, NULL, NULL, NULL, 1, 0, '', '2014-03-05 13:44:24', '2014-03-05 13:44:24', NULL, NULL),
(247, 'Denies', 'obama', 'denies', NULL, NULL, NULL, NULL, NULL, NULL, '', '', '', '', NULL, NULL, NULL, NULL, 'male', 'denies@gmail.com', 200, NULL, NULL, NULL, NULL, NULL, 1, 0, '', '2014-03-05 13:44:29', '2014-03-05 13:44:29', NULL, NULL),
(248, 'vilas', 'alagi', 'wwwww', 'wwwwwww', NULL, NULL, NULL, NULL, NULL, '', '', '', '', NULL, NULL, NULL, NULL, 'male', 'vilas@gmail.com', NULL, NULL, NULL, NULL, NULL, NULL, 1, 0, '', '2014-03-05 13:47:11', '2014-03-05 13:47:11', NULL, NULL),
(249, 'vilas', 'alagi', 'wwwww', NULL, NULL, NULL, NULL, NULL, NULL, '', '', '', '', NULL, NULL, NULL, NULL, 'male', 'vilas@gmail.com', 201, NULL, NULL, NULL, NULL, NULL, 1, 0, '', '2014-03-05 13:47:20', '2014-03-05 13:47:20', NULL, NULL),
(250, 'pink', 'pink', 'pink', NULL, NULL, NULL, NULL, NULL, NULL, '', '', '', '', NULL, NULL, NULL, NULL, '', 'pkn@gmil.com', 202, NULL, NULL, NULL, NULL, NULL, 1, 0, '', '2014-03-05 13:50:55', '2014-03-05 13:50:55', NULL, NULL),
(251, 'amir', 'amir', 'amrin', NULL, NULL, NULL, NULL, NULL, NULL, '', '', '', '', NULL, NULL, NULL, NULL, '', 'amir@gmail.com', 203, NULL, NULL, NULL, NULL, NULL, 1, 0, '', '2014-03-05 13:51:52', '2014-03-05 13:51:52', NULL, NULL),
(252, 'kallu', 'ballu', 'kallu', '88a2b92b03602bd58b7ff391ce0be401', NULL, NULL, NULL, NULL, NULL, '', '', '', '', NULL, NULL, NULL, NULL, '', 'b@gmail.com', 204, NULL, NULL, NULL, NULL, NULL, 1, 0, '', '2014-03-05 13:57:00', '2014-03-05 13:57:00', NULL, NULL),
(253, 'malu', 'malu', 'malu', '9e6f56998dde13c2b7008b2772ac8102', NULL, NULL, NULL, NULL, NULL, '', '', '', '', NULL, NULL, NULL, NULL, '', 'malu@gmail.com', 205, NULL, NULL, NULL, NULL, NULL, 1, 0, '', '2014-03-05 13:58:36', '2014-03-05 13:58:36', NULL, NULL),
(259, 'gree', 'gree', 'gree', '46274781d42eaa476ecc1763c88574d8', NULL, NULL, NULL, NULL, NULL, '', '', '', '', NULL, NULL, NULL, NULL, '', 'gree@gmail.com', 206, NULL, NULL, NULL, '2014-03-05 09:48:00', NULL, 1, 0, '::1', '2014-03-05 14:10:26', '2014-03-05 14:10:26', NULL, NULL),
(260, 'admin', 'super', 'super', 'c3284d0f94606de1fd2af172aba15bf3', NULL, NULL, NULL, NULL, NULL, '', '', '', '', NULL, NULL, NULL, NULL, '', 'super@gmail.com', 207, NULL, NULL, NULL, '2014-03-05 11:06:44', NULL, 1, 0, '::1', '2014-03-05 14:15:36', '2014-03-05 14:15:36', NULL, NULL),
(261, 'haju', 'shaikh', 'hajir', '1f32aa4c9a1d2ea010adcf2348166a04', NULL, NULL, NULL, NULL, NULL, '', '', '', '', NULL, NULL, NULL, NULL, 'male', 'haju@gmail.com', 208, NULL, NULL, NULL, '2014-03-05 09:54:35', NULL, 1, 0, '::1', '2014-03-05 14:24:03', '2014-03-05 14:24:03', NULL, NULL),
(262, 'vilas', 'alagi', 'vilasalagi', 'ec23f2008d2d3d38816a26b0b86303d1', NULL, '1989-01-29', '9623764870', 'vilas', NULL, '', '', '', '', 'Udagi', 'Very Nice', NULL, NULL, 'male', 'vilasalagi@gmail.com', 211, NULL, NULL, NULL, '2014-03-05 13:21:33', NULL, 1, 0, '::1', '2014-03-05 15:43:14', '2014-03-05 17:54:01', NULL, 262),
(263, 'rajeshwari', 'kharat', 'rajeshwari', 'ec23f2008d2d3d38816a26b0b86303d1', NULL, NULL, NULL, NULL, NULL, '', '', '', '', NULL, NULL, NULL, NULL, 'female', 'rajeshwari@gmail.com', 210, NULL, NULL, NULL, '2014-03-05 12:30:52', NULL, 1, 0, '::1', '2014-03-05 17:00:17', '2014-03-05 17:00:17', 262, 262);

--
-- Constraints for dumped tables
--

--
-- Constraints for table `email_messages`
--
ALTER TABLE `email_messages`
  ADD CONSTRAINT `email_messages_from_user_id` FOREIGN KEY (`from_user_id`) REFERENCES `users` (`user_id`),
  ADD CONSTRAINT `email_messages_parent_email_message_id` FOREIGN KEY (`parent_email_message_id`) REFERENCES `email_messages` (`email_message_id`),
  ADD CONSTRAINT `email_messages_to_user_id` FOREIGN KEY (`to_user_id`) REFERENCES `users` (`user_id`);

--
-- Constraints for table `media_files`
--
ALTER TABLE `media_files`
  ADD CONSTRAINT `media_file_user_id` FOREIGN KEY (`user_id`) REFERENCES `users` (`user_id`);

--
-- Constraints for table `user_roles`
--
ALTER TABLE `user_roles`
  ADD CONSTRAINT `user_roles_created_by` FOREIGN KEY (`created_by`) REFERENCES `users` (`user_id`),
  ADD CONSTRAINT `user_roles_role_id` FOREIGN KEY (`role_id`) REFERENCES `roles` (`role_id`),
  ADD CONSTRAINT `user_roles_user_id` FOREIGN KEY (`user_id`) REFERENCES `users` (`user_id`);

--
-- Constraints for table `users`
--
ALTER TABLE `users`
  ADD CONSTRAINT `user_profile_picture_media_file_id` FOREIGN KEY (`profile_picture_media_file_id`) REFERENCES `media_files` (`media_file_id`);

/*!40101 SET CHARACTER_SET_CLIENT=@OLD_CHARACTER_SET_CLIENT */;
/*!40101 SET CHARACTER_SET_RESULTS=@OLD_CHARACTER_SET_RESULTS */;
/*!40101 SET COLLATION_CONNECTION=@OLD_COLLATION_CONNECTION */;
